Energy_Wh,TOTAL_BATTERY_VOLTAGE,Discharged_Ah
0.0,33.066,0.0
0.241714,32.996,0.007317792376858102
0.48254,32.956,0.014620861275451019
0.717353,32.946,0.021746987948389626
0.956406,32.916,0.029006196596775644
1.198633,33.066,0.036348411140135956
1.440347,32.996,0.04366620351699406
1.681173,32.956,0.05096927241558698
1.915986,32.946,0.05809539908852558
2.155039,32.916,0.0653546077369116
2.390083,32.895,0.07249760814717736
2.627578,32.865,0.0797206920887832
2.864856,32.835,0.08694376667021395
3.101689,32.815,0.09415878571057952
3.338679,32.795,0.10138298933807532
3.574932,32.775,0.10858912019059935
3.812427,32.865,0.11582540903886261
4.049706,32.835,0.12304851406169365
4.286539,32.815,0.13026353310205924
4.523528,32.795,0.13748770624639697
4.759781,32.775,0.144693837098921
4.99589,32.755,0.15189997169376307
5.231336,32.745,0.1590891625334577
5.471509,32.705,0.16642829163964565
5.706667,32.705,0.1736185683557441
5.946022,32.674,0.18094064425167397
6.182131,32.755,0.1881579026539115
6.417577,32.745,0.19534709349360613
6.65775,32.705,0.20268622259979407
6.892908,32.705,0.20987649931589253
7.132263,32.674,0.2171985752118224
7.366907,32.674,0.2243799426599463
7.606043,32.644,0.23170215093331656
7.840834,32.654,0.23889351973481127
8.075482,32.634,0.24608160942970156
8.309397,32.614,0.2532516376297997
8.543539,32.604,0.2604319252804483
8.782674,32.644,0.26776195838491124
9.017465,32.654,0.2749533271864059
9.252113,32.634,0.28214141688129624
9.486028,32.614,0.28931144508139434
9.72017,32.604,0.29649173273204293
9.954312,32.604,0.3036731215186949
10.1886,32.584,0.3108611929428834
10.42421,32.564,0.3180942622619723
10.65828,32.554,0.3252833651213967
10.89228,32.544,0.3324725260787226
11.12642,32.604,0.33966046738160216
11.36071,32.584,0.3468486001667773
11.59632,32.564,0.3540816694858662
11.83039,32.554,0.36127077234529065
12.06439,32.544,0.3684599333026165
12.29832,32.534,0.37564915239355356
12.53189,32.524,0.38282951453195313
12.76539,32.514,0.3900099321339704
12.9991,32.504,0.39719901823320447
13.23274,32.494,0.40438816251456694
13.46602,32.484,0.41156843891581046
13.69959,32.524,0.41875432372998717
13.93308,32.514,0.4259344338194733
14.1668,32.504,0.43312382752583156
14.40044,32.494,0.44031297180719403
14.63372,32.484,0.44749324820843756
14.87087,32.454,0.4547971380726157
15.10371,32.464,0.46197049523087685
15.33648,32.454,0.4691416958223923
15.57312,32.423,0.4764367310428864
15.80574,32.433,0.4836101614117035
16.0429,32.454,0.4909201002284156
16.27574,32.464,0.49809345738667676
16.5085,32.454,0.5052643498972286
16.74515,32.423,0.5125596933933827
16.97776,32.433,0.5197328153867218
17.21031,32.423,0.5269040871271929
17.4422,32.413,0.5340572119343988
17.6746,32.403,0.5412282808062824
17.91205,32.373,0.5485596998503728
18.14519,32.383,0.5557602681374813
18.37796,32.373,0.5629494089120813
18.60984,32.413,0.5701077455897585
18.84225,32.403,0.5772791230274282
19.07969,32.373,0.5846102333151891
19.31283,32.383,0.5918108016022977
19.5456,32.373,0.5989999423768977
19.7783,32.363,0.6061891415859931
20.01123,32.353,0.6133876705432835
20.24378,32.343,0.6205766775916327
20.47598,32.333,0.6277570845432067
20.70897,32.323,0.6349641496261069
20.94167,32.363,0.642158905833014
21.17459,32.353,0.6493571257477183
21.40715,32.343,0.6565464419341905
21.63934,32.333,0.6637265396520456
21.87234,32.323,0.6709339140643199
22.10498,32.313,0.6781323793158825
22.33724,32.303,0.6853213108498679
22.56915,32.293,0.6925016316127635
22.80128,32.283,0.6996909898882837
23.03311,32.283,0.7068721688369565
23.26458,32.273,0.7140433070735263
23.49685,32.303,0.7212370013252607
23.72876,32.293,0.7284173220881563
23.96088,32.283,0.7356063706510899
24.19272,32.283,0.7427878593603178
24.42419,32.273,0.7499589975968876
24.65588,32.263,0.7571391761019081
24.88728,32.263,0.7643114787396045
25.1189,32.253,0.7714917131000731
25.35045,32.243,0.7786720033506312
25.58134,32.233,0.7858340481424918
25.81304,32.263,0.7930189898443027
26.04443,32.263,0.8001909825294219
26.27606,32.253,0.8073715268905107
26.50761,32.243,0.8145518171410688
26.7385,32.233,0.8217138619329293
26.96933,32.223,0.8288762672947265
27.20015,32.223,0.8360394737000892
27.43453,32.192,0.843316660690697
27.6652,32.202,0.8504809927713256
27.89551,32.192,0.8576341436860072
28.12604,32.182,0.8647963520309911
28.35686,32.223,0.8719641185087491
28.59124,32.192,0.8792413054993569
28.82191,32.202,0.8864056375799855
29.05222,32.192,0.893558788494667
29.28275,32.182,0.900720996839651
29.51291,32.172,0.9078739321661264
29.74337,32.172,0.915037304042292
29.97318,32.162,0.9221815823399262
30.20747,32.142,0.9294685318298491
30.43749,32.152,0.93662378737469
30.66766,32.172,0.9437803696767857
30.89812,32.172,0.9509437415529512
31.12792,32.162,0.958087708972978
31.36222,32.142,0.9653749694855434
31.59224,32.152,0.9725302250303842
31.82219,32.142,0.9796833030781025
32.05156,32.142,0.9868194489308809
32.28108,32.122,0.9939624839115855
32.51031,32.122,1.0010987145323436
32.73976,32.112,1.0082429060819902
32.96862,32.112,1.015369836824392
33.19799,32.142,1.0225093145222783
33.42751,32.122,1.029652349502983
33.65674,32.122,1.0367885801237413
33.88619,32.112,1.043932771673388
34.11506,32.112,1.0510600138258543
34.34444,32.102,1.0582042502851934
34.57345,32.092,1.065339185014296
34.80304,32.092,1.0724933044210017
35.03589,32.062,1.0797523997229315
35.26476,32.072,1.0868896436185251
35.49414,32.102,1.0940383331189458
35.72315,32.092,1.1011732678480481
35.95274,32.092,1.1083273872547539
36.18559,32.062,1.1155864825566837
36.41446,32.072,1.1227237264522774
36.64326,32.062,1.1298587874183796
36.87625,32.042,1.1371279125899758
37.1044,32.052,1.1442471437192547
37.33392,32.042,1.151409124559895
37.56511,32.032,1.1586254681626043
37.79651,32.022,1.1658506219391054
38.0295,32.042,1.1731242857752693
38.25765,32.052,1.1802435169045482
38.48717,32.042,1.1874054977451884
38.71836,32.032,1.1946218413478977
38.94976,32.022,1.2018469951243989
39.17972,32.022,1.2090283079718165
39.4138,31.992,1.2163417081655241
39.6439,32.002,1.2235330073498227
39.87372,32.002,1.2307144335106877
40.10375,31.992,1.2379035449898887
40.33515,31.982,1.245137733879125
40.56511,32.022,1.2523235347665695
40.79919,31.992,1.2596369349602774
41.02929,32.002,1.266828234144576
41.25911,32.002,1.274009660305441
41.48914,31.992,1.281198771784642
41.72054,31.982,1.2884329606738782
41.95128,31.971,1.2956488848682084
42.18058,31.971,1.3028210096062522
42.41378,31.951,1.3101174020845854
42.64719,31.941,1.317423794121147
42.87614,31.961,1.3245894540378944
43.10688,31.971,1.3318077484757345
43.33618,31.971,1.3389798732137783
43.56938,31.951,1.3462762656921115
43.80279,31.941,1.3535826577286731
44.03174,31.961,1.3607483176454205
44.26313,31.941,1.36799034449904
44.49309,31.941,1.3751898686216413
44.72218,31.941,1.382362155024697
44.95119,31.931,1.389533059333314
45.18101,31.921,1.3967315809144705
45.41103,31.911,1.4039386244036294
45.64099,31.941,1.4111415311254236
45.87008,31.941,1.4183138175284793
46.09909,31.931,1.4254847218370963
46.32891,31.921,1.4326832434182528
46.55893,31.911,1.4398902869074117
46.78896,31.911,1.447098773009383
47.02287,31.891,1.454431145035338
47.25311,31.901,1.4616496050303218
47.48327,31.891,1.4688655568738131
47.7128,31.881,1.4760640138768868
47.94282,31.911,1.4832755764552663
48.17673,31.891,1.4906079484812216
48.40697,31.901,1.4978264084762054
48.63713,31.891,1.5050423603196967
48.86666,31.881,1.5122408173227704
49.09618,31.881,1.519440089616613
49.32535,31.871,1.526629511124958
49.55451,31.871,1.5338197467623713
49.78417,31.861,1.5410268013032613
50.01355,31.861,1.548226198685641
50.24623,31.841,1.5555314638264526
50.47539,31.871,1.5627250851222838
50.70455,31.871,1.5699153207596972
50.93422,31.861,1.577122689114684
51.1636,31.861,1.5843220864970635
51.39628,31.841,1.5916273516378752
51.62472,31.851,1.598800623006336
51.85338,31.841,1.6059808026207303
52.08226,31.831,1.6131701480158804
52.31307,31.821,1.6204223946067182
52.54244,31.821,1.6276305276006529
52.77088,31.851,1.6348060521640402
52.99955,31.841,1.6419865457896132
53.22842,31.831,1.6491755770749505
53.45923,31.821,1.6564278236657881
53.68861,31.821,1.663636270917603
53.92078,31.811,1.6709335427305274
54.15001,31.801,1.6781406734605784
54.3829,31.791,1.6854651796877766
54.61571,31.781,1.6927894734019904
54.84459,31.791,1.6999901277781306
55.07347,31.791,1.7071896496553916
55.3027,31.801,1.7143990470638706
55.53559,31.791,1.7217235532910689
55.7684,31.781,1.7290478470052826
55.99728,31.791,1.736248501381423
56.22616,31.791,1.7434480232586838
56.45496,31.781,1.7506461608035149
56.68433,31.781,1.7578633660519338
56.91277,31.771,1.7650524395665361
57.14144,31.761,1.7722510166615435
57.36981,31.761,1.779441281451695
57.59861,31.781,1.7866428174436373
57.82798,31.781,1.793860022692056
58.05642,31.771,1.8010490962066585
58.28509,31.761,1.8082476733016657
58.51346,31.761,1.8154379380918173
58.7424,31.761,1.822646149420176
58.97099,31.751,1.8298444741462119
59.1995,31.74,1.8370426597158203
59.42801,31.74,1.8442420926080698
59.65616,31.73,1.851431315863151
59.88431,31.73,1.8586216719929967
60.1129,31.751,1.8658235119136029
60.34141,31.74,1.8730216974832112
60.56992,31.74,1.8802211303754608
60.79806,31.73,1.8874100385210413
61.02621,31.73,1.894600394650887
61.2585,31.71,1.9019235346256662
61.48658,31.72,1.909115084365537
61.71458,31.71,1.9163041116396975
61.94394,31.7,1.9235383018305192
62.17302,31.7,1.9307648002532323
62.40531,31.71,1.9380914048897249
62.63339,31.72,1.9452829546295956
62.86139,31.71,1.9524719819037561
63.09075,31.7,1.9597061720945779
63.31983,31.7,1.966932670517291
63.54854,31.69,1.9741486351804869
63.7814,31.67,1.9814990139683655
64.01427,31.67,1.988852029440421
64.24263,31.68,1.9960615006322129
64.47034,31.67,2.0032504509084554
64.69863,31.67,2.010458850024338
64.93149,31.67,2.0178115497401574
65.16435,31.67,2.025164249455977
65.39271,31.68,2.0323737206477683
65.62043,31.67,2.0395629866304046
65.84872,31.67,2.046771385746287
66.07693,31.66,2.0539783966415976
66.30515,31.66,2.061186861581585
66.53301,31.65,2.068385092508769
66.76116,31.65,2.075593623314456
66.9893,31.65,2.082801838164377
67.21752,31.66,2.090011441702522
67.44573,31.66,2.09721959078654
67.67359,31.65,2.104417821713724
67.90174,31.65,2.111626352519411
68.12988,31.65,2.118834567369332
68.35795,31.64,2.1260417090978834
68.58673,31.62,2.13327471573715
68.81445,31.63,2.140475348148217
69.04245,31.63,2.1476836946546984
69.26981,31.62,2.154872943666556
69.49745,31.62,2.1620721846532733
69.72623,31.62,2.1693074787709206
69.95395,31.63,2.1765081111819877
70.18195,31.63,2.183716457688469
70.40931,31.62,2.1909057067003266
70.63695,31.62,2.198104947687044
70.86488,31.62,2.205313360084261
71.09274,31.61,2.2125206983730483
71.31995,31.6,2.2197097507381804
71.54716,31.6,2.2268999406115983
71.77409,31.6,2.234081269725522
72.00202,31.62,2.2412919625442504
72.22988,31.61,2.2484993008330374
72.45709,31.6,2.2556883531981695
72.6843,31.6,2.2628785430715874
72.91123,31.6,2.2700598721855116
73.13809,31.59,2.277240122225075
73.36467,31.59,2.2844126451753755
73.59153,31.59,2.2915940316900953
73.81831,31.58,2.2987740221919157
74.04673,31.57,2.30600822646745
74.27515,31.57,2.3132435764832877
74.50172,31.59,2.320418054000704
74.72851,31.58,2.327598361108508
74.95693,31.57,2.3348325653840423
75.18534,31.57,2.3420675986434656
75.41646,31.55,2.3493907925598156
75.64396,31.56,2.356600426532245
75.87088,31.56,2.363790540600686
76.09831,31.55,2.3709979562242003
76.32573,31.55,2.3782061971116804
76.55287,31.55,2.385405563197259
76.78037,31.56,2.3926151971696883
77.00729,31.56,2.3998053112381292
77.23472,31.55,2.4070127268616437
77.46214,31.55,2.414220967749124
77.68928,31.55,2.4214203338347025
77.91635,31.54,2.4286186219944743
78.14342,31.54,2.4358180512906067
78.37461,31.52,2.443150433149154
78.60161,31.53,2.450351067566283
78.82854,31.52,2.4575494815234604
79.05631,31.52,2.4647756871072164
79.28338,31.54,2.471977399761831
79.51045,31.54,2.4791768290579634
79.74165,31.52,2.4865095280747727
79.96864,31.53,2.493709845283337
80.19557,31.52,2.5009082592405143
80.42335,31.52,2.508134782083154
80.65438,31.499,2.5154668565368903
80.88123,31.509,2.522667529467312
81.10836,31.509,2.529875946110176
81.33513,31.499,2.5370740796805165
81.56212,31.489,2.5442814842655164
81.79315,31.499,2.5516171672527523
82.02,31.509,2.558817840183174
82.24713,31.509,2.566026256826038
82.4739,31.499,2.5732243903963785
82.70089,31.489,2.580431794981379
82.92759,31.489,2.5876311344332508
83.154,31.489,2.594821264319878
83.38035,31.479,2.602010630347067
83.60698,31.479,2.6092100331235204
83.83382,31.469,2.61641725178019
84.06038,31.469,2.6236167179214713
84.28708,31.489,2.6308183444026176
84.51349,31.489,2.638008474289245
84.73984,31.479,2.6451978403164333
84.96647,31.479,2.6523972430928877
85.19331,31.469,2.6596044617495567
85.41987,31.469,2.6668039278908386
85.64606,31.459,2.673992778640902
85.87226,31.459,2.681183089839605
86.10229,31.439,2.6884974718549315
86.3326,31.439,2.6958230865373323
86.55866,31.439,2.70301351880299
86.78485,31.459,2.710205798366728
87.01105,31.459,2.717396109565431
87.24108,31.439,2.7247104915807574
87.47139,31.439,2.732036106263158
87.69745,31.439,2.7392265385288157
87.92322,31.439,2.746407746582507
88.14871,31.439,2.7535800485005066
88.37498,31.429,2.7607783051652643
88.60096,31.429,2.7679684798447006
88.8266,31.419,2.775148978826371
89.05223,31.419,2.782330302229407
89.278,31.439,2.789513795181776
89.50349,31.439,2.7966860970997756
89.72976,31.429,2.8038843537645333
89.95575,31.429,2.8110748466214486
90.18138,31.419,2.818255027375013
90.40701,31.419,2.825436350778049
90.63264,31.419,2.832617674181085
90.85848,31.409,2.8398068255148856
91.08404,31.409,2.846988206647682
91.30924,31.399,2.854159267659018
91.53501,31.399,2.8613496240397946
91.76064,31.419,2.868533233833166
91.98648,31.409,2.8757223851669664
92.21204,31.409,2.882903766299763
92.43724,31.399,2.890074827311099
92.66301,31.399,2.8972651836918755
92.88843,31.389,2.9044455366255573
93.11355,31.389,2.911617475839932
93.33897,31.389,2.9187989725425987
93.56849,31.369,2.9261134185096465
93.79354,31.379,2.9332865555020606
94.0186,31.379,2.9404588681952637
94.24402,31.389,2.9476415090313584
94.46915,31.389,2.954813766828676
94.69456,31.389,2.9619949449483993
94.92408,31.369,2.9693093909154475
95.14914,31.379,2.97648284664312
95.37419,31.379,2.9836548406518517
95.5989,31.369,2.990817140645477
95.82361,31.369,2.9979805822598093
96.04824,31.359,3.0051426151637757
96.27288,31.359,3.012306108897632
96.49779,31.359,3.019478212599918
96.7225,31.369,3.026642796198949
96.94721,31.369,3.0338062378132813
97.17184,31.359,3.0409682707172476
97.39647,31.359,3.048131445563384
97.62139,31.359,3.0553038681533904
97.84623,31.349,3.062474883015928
98.07411,31.339,3.0697451739807056
98.30277,31.329,3.077042678289124
98.52754,31.339,3.0842160363027835
98.75203,31.339,3.0913793152842444
98.97645,31.329,3.0985415033227968
99.20129,31.349,3.105715950497244
99.42917,31.339,3.1129862414620217
99.65783,31.329,3.1202837457704407
99.8826,31.339,3.1274571037840997
100.1071,31.339,3.1346207018567886
100.3315,31.329,3.1417822516110494
100.5556,31.329,3.1489353685314745
100.78,31.319,3.1560992045677407
101.0079,31.309,3.1633770994390447
101.2323,31.319,3.170543223217546
101.4563,31.309,3.1776965731568705
101.6804,31.329,3.184851974031739
101.9048,31.319,3.1920158100680047
102.1327,31.309,3.1992937049393086
102.3571,31.319,3.2064598287178105
102.581,31.309,3.2136099851973405
102.805,31.309,3.2207644775158433
103.0293,31.309,3.227928551743701
103.2571,31.289,3.2352067395452275
103.481,31.299,3.2423614656908146
103.7063,31.289,3.2495609288466913
103.9313,31.289,3.2567519544467425
104.1553,31.309,3.263908732618569
104.3795,31.309,3.2710696128766417
104.6073,31.289,3.2783478006781688
104.8313,31.299,3.285505722324491
105.0565,31.289,3.2927019899796326
105.2815,31.289,3.2998930155796837
105.5103,31.268,3.3072079443646323
105.739,31.268,3.3145221313929043
105.9637,31.278,3.3217072431506507
106.1882,31.268,3.3288859596153326
106.4169,31.258,3.3362013164268993
106.6457,31.268,3.3435198719078194
106.8745,31.268,3.3508372570939517
107.0991,31.278,3.358019171205166
107.3236,31.268,3.365197887669848
107.5523,31.258,3.3725132444814148
107.7769,31.268,3.3796974558494854
108.0016,31.258,3.38688486588691
108.2261,31.258,3.3940670272536004
108.4509,31.258,3.4012587861633197
108.6747,31.248,3.4084196987157145
108.8988,31.248,3.4155913577018895
109.1234,31.268,3.4227767182495894
109.3481,31.258,3.429964128287014
109.5726,31.258,3.437146289653704
109.7974,31.258,3.444338048563423
110.0212,31.248,3.451498961115818
110.2453,31.248,3.4586706201019934
110.4735,31.228,3.4659758253007897
110.6976,31.238,3.473150928556961
110.9216,31.238,3.480321682126332
111.1453,31.228,3.4874839784155136
111.3731,31.208,3.494781050617448
111.5973,31.228,3.5019628047336635
111.8255,31.228,3.5092703492449995
112.0496,31.238,3.516445452501171
112.2736,31.238,3.5236162060705416
112.4973,31.228,3.530778502359723
112.7251,31.208,3.538075574561658
112.9494,31.228,3.5452605319580317
113.1733,31.218,3.552431527698351
113.401,31.198,3.5597277337993507
113.6249,31.218,3.5669021762500046
113.8484,31.208,3.5740626542559637
114.0717,31.208,3.581217870867089
114.2956,31.218,3.5883911640462127
114.5233,31.198,3.5956873701472127
114.7472,31.218,3.6028618125978666
114.9708,31.208,3.610025494397117
115.194,31.208,3.6171775067016543
115.4175,31.198,3.624340279511961
115.641,31.198,3.631504200276112
115.8638,31.188,3.6386468284298643
116.0872,31.188,3.645809839844511
116.3107,31.188,3.6529760576205788
116.5341,31.188,3.6601390690352256
116.7575,31.198,3.6673009322737724
116.981,31.198,3.674464853037924
117.2039,31.188,3.6816106870391425
117.4273,31.188,3.6887736984537893
117.6507,31.188,3.695936709868436
117.8741,31.188,3.703099721283083
118.098,31.178,3.710279915619741
118.3227,31.168,3.717488076528219
118.5476,31.168,3.7247038106144617
118.7723,31.168,3.7319131278629216
118.9969,31.158,3.7391203928887533
119.2208,31.178,3.746304042786084
119.4455,31.168,3.7535122036945623
119.6704,31.168,3.7607279377808047
119.8951,31.168,3.7679372550292647
120.1197,31.158,3.7751445200550964
120.3437,31.158,3.7823336849565665
120.5718,31.138,3.7896567875634752
120.7996,31.138,3.7969726074619916
121.0239,31.148,3.804174868002081
121.2483,31.138,3.8113803395366155
121.472,31.138,3.8185644875229983
121.696,31.158,3.825755960490765
121.9241,31.138,3.833079063097674
122.1519,31.138,3.8403948829961903
122.3762,31.148,3.8475971435362797
122.6006,31.138,3.854802615070814
122.8242,31.138,3.8619835515471452
123.0525,31.128,3.8693166065049067
123.2764,31.128,3.87650948751236
123.5005,31.128,3.8837087936033394
123.7245,31.118,3.8909060432258054
123.9485,31.118,3.898104449293033
124.1726,31.118,3.9053060689343986
124.4009,31.128,3.9126414800451523
124.6247,31.128,3.9198311485108426
124.8488,31.128,3.9270304546018213
125.0728,31.118,3.9342277042242872
125.2969,31.118,3.941429323865652
125.5209,31.118,3.94862772993288
125.7446,31.108,3.955817650544843
125.9677,31.108,3.962989439152275
126.1913,31.098,3.9701784562888855
126.4146,31.098,3.977358982367733
126.6423,31.078,3.9846833518993856
126.866,31.108,3.9918778972954554
127.0891,31.108,3.9990496859028877
127.3127,31.098,4.006238703039498
127.536,31.098,4.0134192291183455
127.7637,31.078,4.0207435986499975
127.9872,31.088,4.027934024284589
128.2107,31.088,4.035123293455973
128.4378,31.068,4.042430713495873
128.6609,31.078,4.049610580261231
128.8841,31.078,4.056792509600314
129.107,31.078,4.063964785808564
129.3306,31.088,4.071158428635833
129.5541,31.088,4.078347697807217
129.7811,31.068,4.085651900136839
130.0043,31.078,4.092834985130241
130.2275,31.078,4.1000169144693235
130.4504,31.078,4.107189190677574
130.6745,31.058,4.114402400411062
130.8992,31.058,4.12163725133514
131.1236,31.047,4.1288637226337475
131.3474,31.047,4.13607214856862
131.5712,31.047,4.1432805745034935
131.7954,31.058,4.150500605096843
132.0201,31.058,4.157735456020921
132.2444,31.047,4.1649587069669
132.4682,31.047,4.172167132901772
132.692,31.047,4.179375558836646
132.916,31.037,4.186591588731626
133.1403,31.037,4.193818446997566
133.3642,31.027,4.2010335797637435
133.5882,31.027,4.208253098247644
133.8115,31.027,4.215450055736283
134.039,31.007,4.222784743165756
134.263,31.037,4.230005425262333
134.4873,31.037,4.237232283528273
134.7112,31.027,4.24444741629445
134.9351,31.027,4.251663711779028
135.1585,31.027,4.258863892266991
135.3859,31.007,4.266195355658034
135.6095,31.017,4.273405467872661
135.8368,30.997,4.280736070639779
136.0639,30.997,4.2880625861090165
136.2872,31.007,4.2952653472212035
136.5144,30.987,4.302595088809099
136.738,31.017,4.309807526716331
136.9654,30.997,4.317141354561656
137.1924,30.997,4.324464643912238
137.4157,31.007,4.331667405024424
137.643,30.987,4.339000372730977
137.8667,30.997,4.346218364470781
138.0939,30.977,4.353550471483398
138.3172,30.987,4.360757882238031
138.5403,30.987,4.367957675699804
138.7675,30.977,4.375290965997396
138.9944,30.967,4.3826169378429345
139.2181,30.997,4.38983725931992
139.4453,30.977,4.397169366332538
139.6687,30.987,4.404380004767758
139.8918,30.987,4.411579798229532
140.119,30.977,4.418913088527124
140.3458,30.967,4.426235831649945
140.5688,30.977,4.433435883309508
140.7919,30.977,4.440638001009737
141.0145,30.967,4.447825137778431
141.2377,30.967,4.455032810462256
141.4647,30.947,4.462365562343898
141.6877,30.977,4.46956793945132
141.9108,30.977,4.4767700571515485
142.1334,30.967,4.483957193920243
142.3566,30.967,4.491164866604067
142.5836,30.947,4.498497618485709
142.8106,30.947,4.505832739822188
143.0372,30.937,4.513156119047837
143.2598,30.947,4.520350224147701
143.486,30.927,4.527661857467026
143.7088,30.947,4.53486359002028
143.9316,30.937,4.542064158826434
144.1586,30.947,4.54940046546466
144.3852,30.937,4.556723844690308
144.6077,30.947,4.563914717937028
144.834,30.927,4.571229583631827
145.0568,30.947,4.578431316185081
145.2795,30.937,4.58562865313809
145.5017,30.937,4.5928109914385065
145.7241,30.937,4.599999794489869
145.9468,30.927,4.6071994582684805
146.1695,30.927,4.614400286024163
146.392,30.917,4.6215958102464
146.6142,30.937,4.628780470898905
146.8367,30.937,4.635972506325739
147.0593,30.927,4.643168937206381
147.282,30.927,4.650369764962064
147.5046,30.917,4.657568523127771
147.731,30.907,4.664892539690917
147.9533,30.917,4.672083921678495
148.1755,30.907,4.679272068676425
148.3975,30.907,4.686454907515523
148.6196,30.897,4.693642144587557
148.8415,30.897,4.70082407163549
149.0679,30.907,4.708150458277132
149.2902,30.917,4.715341840264709
149.5124,30.907,4.722529987262639
149.7344,30.907,4.7297128261017365
149.9565,30.897,4.736900063173771
150.1784,30.897,4.744081990221705
150.4002,30.887,4.751261842610673
150.6223,30.887,4.758452570101203
150.8444,30.887,4.765643297591733
151.0664,30.877,4.772831951176345
151.2884,30.877,4.780021768839978
151.5103,30.887,4.787207184292345
151.7323,30.887,4.7943946741748205
151.9544,30.887,4.80158540166535
152.1764,30.877,4.8087740552499625
152.3985,30.877,4.815967111570202
152.6201,30.867,4.8231451369653815
152.8459,30.857,4.830461577895975
153.0676,30.867,4.837645169367688
153.2889,30.857,4.844815799916583
153.5105,30.857,4.851997314645818
153.732,30.847,4.859176751959444
153.9537,30.867,4.866361507444423
154.1794,30.857,4.873674708144312
154.4011,30.867,4.880858299616026
154.6224,30.857,4.8880289301649205
154.844,30.857,4.895210444894155
155.0655,30.847,4.902389882207781
155.2868,30.847,4.909563999626007
155.5079,30.837,4.916732795423945
155.7294,30.837,4.923915725021506
155.9543,30.816,4.931211395953983
156.1754,30.827,4.938384959862294
156.3967,30.847,4.945561403744644
156.6178,30.837,4.9527301995425805
156.8393,30.837,4.959913129140142
157.0642,30.816,4.967208800072619
157.2853,30.827,4.97438236398093
157.5067,30.827,4.98156437974633
157.728,30.816,4.988744432631492
157.9498,30.806,4.995943160358602
158.1737,30.796,5.003212404863651
158.3971,30.796,5.010466593719346
158.6183,30.806,5.01764817873282
158.8397,30.827,5.024832641601737
159.061,30.816,5.032012694486899
159.2828,30.806,5.039211422214009
159.5067,30.796,5.046480666719058
159.7301,30.796,5.053734855574753
159.9513,30.806,5.060916440588227
160.1758,30.796,5.068205164980292
160.401,30.776,5.075520178298034
160.6218,30.786,5.082693434527526
160.8466,30.766,5.089997827561058
161.067,30.776,5.09716041571224
161.2915,30.756,5.10445743189894
161.516,30.796,5.111752077077
161.7412,30.776,5.119067090394742
161.962,30.786,5.1262403466242334
162.1868,30.766,5.133544739657767
162.4073,30.776,5.140710577622083
162.6317,30.756,5.1480043434674965
162.8527,30.766,5.155188765300337
163.0733,30.766,5.162359018176889
163.2943,30.766,5.169542272418584
163.5184,30.746,5.176828655563337
163.7387,30.756,5.183992650230177
163.9597,30.766,5.1911770720630175
164.1803,30.766,5.1983473249395695
164.4013,30.766,5.205530579181265
164.6254,30.746,5.212816962326018
164.8457,30.756,5.219980956992858
165.07,30.736,5.227276214912587
165.2903,30.746,5.23444254001587
165.5105,30.736,5.2416056121345385
165.7306,30.736,5.24876659599711
165.9505,30.736,5.255921072832092
166.1714,30.716,5.263110423870301
166.3957,30.736,5.270410430379446
166.6159,30.746,5.2775735024981145
166.8361,30.736,5.284736574616782
167.0563,30.736,5.291900811993149
167.2762,30.736,5.299055288828131
167.497,30.716,5.306241385293666
167.7169,30.726,5.313399355411827
167.9369,30.716,5.3205605806323595
168.1569,30.716,5.327722971568679
168.3766,30.706,5.3348767601135
168.5968,30.706,5.342047997005312
168.8166,30.726,5.349203876677144
169.0367,30.716,5.356368357000051
169.2567,30.716,5.3635307479363705
169.4764,30.706,5.370684536481193
169.6966,30.706,5.377855773373004
169.9211,30.686,5.38516942987548
170.1416,30.696,5.392353946509021
170.3622,30.686,5.39954172142675
170.5866,30.666,5.406856886376548
170.8107,30.666,5.414164653936711
171.031,30.676,5.421347334644873
171.2555,30.686,5.428664566808101
171.4759,30.696,5.435845825157454
171.6966,30.686,5.44303685835937
171.9209,30.666,5.450348763431739
172.145,30.666,5.457656530991904
172.3653,30.676,5.464839211700064
172.5856,30.666,5.472021892408225
172.806,30.666,5.479209005171547
173.0305,30.646,5.486532204545242
173.2529,30.656,5.493788085266916
173.4771,30.636,5.501103885045027
173.6969,30.646,5.508277280169207
173.9171,30.666,5.515460213363362
174.1376,30.666,5.522650587067138
174.3621,30.646,5.529973786440833
174.5844,30.656,5.53722640462621
174.8086,30.636,5.544542204404323
175.0284,30.646,5.551715599528502
175.2487,30.646,5.558904139631616
175.4691,30.646,5.566095942803318
175.6886,30.636,5.573259547124326
175.9086,30.636,5.580440641261942
176.1282,30.626,5.587609848927378
176.3486,30.646,5.594803999599789
176.5689,30.646,5.601992539702903
176.7884,30.636,5.60915614402391
177.0084,30.636,5.616337238161526
177.228,30.626,5.623506445826963
177.448,30.626,5.63068988473508
177.6684,30.616,5.637887559533421
177.8887,30.606,5.6450843188683
178.1094,30.606,5.652295323246527
178.3302,30.596,5.659510773722001
178.5502,30.596,5.666701256138003
178.7701,30.626,5.673884948274817
178.9905,30.616,5.6810826230731575
179.2109,30.606,5.688282649207554
179.4315,30.606,5.695490386252578
179.6523,30.596,5.702705836728052
179.8723,30.596,5.709896319144054
180.0942,30.585,5.717150205154417
180.3154,30.575,5.72438369109294
180.5363,30.575,5.731608548002179
180.7577,30.565,5.738850942506595
180.9792,30.565,5.74609779347993
181.201,30.585,5.753352086202743
181.4222,30.575,5.760585572141266
181.6432,30.575,5.767813699696458
181.8646,30.565,5.775056094200874
182.086,30.565,5.782299673458195
182.3071,30.555,5.789534621102173
182.5282,30.555,5.796770752668202
182.7489,30.545,5.803994975254127
182.9739,30.525,5.811363568671516
183.1951,30.535,5.818608901131392
183.4158,30.535,5.825836672541249
183.6368,30.555,5.833071899255932
183.8579,30.555,5.840308030821961
184.0786,30.545,5.847532253407886
184.3036,30.525,5.8549008468252755
184.5249,30.535,5.862149454751905
184.7455,30.535,5.8693739512313545
184.9664,30.535,5.876608272502027
185.187,30.525,5.883833952161379
185.4078,30.515,5.891068552423502
185.628,30.515,5.898284675641591
185.8488,30.515,5.905520461320766
186.0698,30.535,5.912760428560732
186.2903,30.525,5.91998283275333
186.5111,30.515,5.9272174330154535
186.7314,30.515,5.93443683331039
186.9521,30.515,5.941669341912717
187.1726,30.505,5.948896480555784
187.3927,30.505,5.956111691176994
187.6131,30.495,5.963337920685191
187.8335,30.495,5.970565335015409
188.0538,30.485,5.977790654792385
188.2738,30.485,5.985007318725467
188.4942,30.505,5.992234733055685
188.7144,30.505,5.999453221828018
188.9348,30.495,6.006679451336215
189.1551,30.495,6.01390358644033
189.3754,30.485,6.021128906217307
189.5955,30.485,6.028348850452176
189.8154,30.475,6.035563417381311
190.0356,30.475,6.042789012131105
190.2555,30.465,6.050005946820964
190.4754,30.465,6.057224065974091
190.6952,30.455,6.064440086985253
190.9151,30.475,6.0716582061383795
191.1353,30.475,6.078883800888175
191.3552,30.465,6.086100735578033
191.5751,30.465,6.09331885473116
191.7949,30.455,6.100534875742323
192.0146,30.445,6.107749982474671
192.2381,30.435,6.115092295221057
192.4573,30.445,6.122293346469415
192.6764,30.435,6.129491112566655
192.8995,30.415,6.136823898104864
193.1185,30.425,6.14402310915023
193.3383,30.445,6.151245057564884
193.5618,30.435,6.15858737031127
193.781,30.445,6.165788421559628
194.0001,30.435,6.172986187656869
194.2232,30.415,6.180318973195077
194.4422,30.425,6.187518184240443
194.6612,30.415,6.194717395285808
194.8801,30.415,6.201914501976586
195.0988,30.405,6.209106215228806
195.3177,30.405,6.216305688999567
195.5362,30.395,6.2234931889995675
195.7552,30.415,6.23069595170307
195.9742,30.415,6.237896346245236
196.1928,30.405,6.24508477110548
196.4117,30.405,6.2522842448762415
196.6302,30.395,6.259471744876242
196.8488,30.395,6.266663717240118
197.0713,30.375,6.273986409357939
197.2935,30.365,6.281302840046118
197.5119,30.375,6.288494147257182
197.73,30.375,6.295674394170762
197.9481,30.365,6.30285582321258
198.1666,30.395,6.310048054943982
198.3891,30.375,6.317370747061804
198.6113,30.365,6.324687177749983
198.8297,30.375,6.331878484961046
199.0478,30.375,6.339058731874626
199.2659,30.365,6.346240160916444
199.4836,30.355,6.353410780152281
199.7016,30.355,6.3605924635652284
199.9238,30.334,6.367915042615797
200.1417,30.334,6.375098401223299
200.3608,30.324,6.38232251016194
200.5785,30.355,6.389497974490619
200.7965,30.355,6.396679657903567
201.0187,30.334,6.404002236954136
201.2365,30.334,6.411182298930796
201.4557,30.324,6.418409705043757
201.6773,30.324,6.425717448085572
201.8951,30.334,6.432898693758031
202.1126,30.324,6.440070047907525
202.334,30.304,6.447373604020212
202.5519,30.304,6.454564073925175
202.7693,30.304,6.461738044358121
202.9909,30.324,6.469048198082474
203.2087,30.334,6.476229443754932
203.4262,30.324,6.483400797904427
203.6477,30.304,6.4907076528229455
203.8656,30.304,6.497898122727909
204.0829,30.304,6.505068793266451
204.3,30.304,6.5122328640161875
204.521,30.284,6.519528037978027
204.7383,30.294,6.526702259642659
204.9556,30.294,6.533875297207853
205.1765,30.274,6.541169578016201
205.3934,30.274,6.54833414166818
205.6105,30.304,6.555501760275595
205.8315,30.284,6.5627969342374355
206.0488,30.294,6.569971155902066
206.266,30.294,6.577140892483567
206.487,30.274,6.584438475365617
206.7039,30.274,6.5916030390175955
206.9207,30.274,6.5987642995051425
207.1378,30.264,6.605936654059306
207.3545,30.254,6.613098159727041
207.5712,30.254,6.6202608489582175
207.7879,30.244,6.6274247221441085
208.0047,30.274,6.634589532613721
208.2218,30.264,6.641761887167885
208.4385,30.254,6.64892339283562
208.6552,30.254,6.656086082066796
208.8719,30.244,6.663249955252687
209.0883,30.244,6.670405093461919
209.3088,30.224,6.677698207174957
209.531,30.214,6.6850511970157855
209.7489,30.224,6.692261892273735
209.9664,30.214,6.699459350826301
210.1839,30.214,6.706658000458922
210.4003,30.244,6.713816689135358
210.6209,30.224,6.72111311038296
210.843,30.214,6.728462791047442
211.0609,30.224,6.735673486305393
211.2784,30.214,6.742870944857959
211.4959,30.214,6.750069594490579
211.7174,30.194,6.757403060256703
211.9349,30.204,6.764605285495949
212.1517,30.194,6.771784331159713
212.3688,30.194,6.778974501392209
212.5877,30.184,6.78622548685049
212.8092,30.194,6.7935625963937
213.0267,30.204,6.800764821632947
213.2435,30.194,6.807943867296711
213.4606,30.194,6.815134037529207
213.6795,30.184,6.822385022987486
213.8978,30.174,6.829618529730586
214.1158,30.164,6.836844490153537
214.3338,30.164,6.844071648355366
214.552,30.154,6.8513066362528425
214.7699,30.154,6.8585328748944825
214.9877,30.144,6.865756995097474
215.206,30.174,6.872995298754757
215.424,30.164,6.880221259177708
215.642,30.164,6.887448417379538
215.8601,30.154,6.894680089517208
216.0781,30.154,6.901909644468459
216.2959,30.144,6.90913376467145
216.5139,30.134,6.9163669177289515
216.7319,30.134,6.923601270951225
216.95,30.134,6.930838942684151
217.1679,30.124,6.938071177408172
217.3855,30.113,6.945295972799708
217.6036,30.134,6.952536167332216
217.8216,30.134,6.959770520554489
218.0396,30.134,6.967004873776763
218.2576,30.124,6.974240427562152
218.4752,30.113,6.981465222953688
218.6931,30.113,6.9887013003953244
218.9106,30.103,6.9959252940182814
219.1284,30.103,7.003160453304732
219.3461,30.093,7.010393492044848
219.5635,30.083,7.017618963993797
219.7812,30.083,7.0248556092751855
219.9991,30.113,7.032095292975098
220.2166,30.103,7.039319286598055
220.4344,30.103,7.046554445884506
220.6521,30.093,7.05378748462462
220.8695,30.083,7.0610129565735695
221.0872,30.083,7.068249601854958
221.3082,30.063,7.075598386479039
221.5255,30.073,7.082825338720625
221.743,30.053,7.090060145626123
221.9636,30.043,7.097401732420586
222.1808,30.053,7.104630166925378
222.4018,30.063,7.111982618851654
222.6191,30.073,7.119209571093239
222.8366,30.053,7.126444377998737
223.0572,30.043,7.1337859647932
223.2744,30.053,7.141014399297992
223.4912,30.043,7.148229521768705
223.712,30.033,7.155580210895811
223.9289,30.043,7.162801064481269
224.1456,30.033,7.170015259833823
224.3623,30.023,7.177231857675837
224.5787,30.023,7.184439665023537
224.7955,30.043,7.191658391091529
225.0164,30.033,7.199012409335087
225.2332,30.043,7.206229933804093
225.45,30.033,7.213447458273098
225.6666,30.023,7.220660725889989
225.8831,30.023,7.227871864017425
226.1034,30.003,7.2352120166179645
226.3245,30.003,7.242581279691658
226.543,30.003,7.249863884764484
226.7627,29.993,7.25718770635259
226.9779,30.003,7.26436151794003
227.1982,30.003,7.2717041170134555
227.4194,30.003,7.279076713087181
227.6378,30.003,7.286355985159974
227.8575,29.993,7.29367980674808
228.0727,30.003,7.30085361833552
228.2881,29.993,7.308034097034099
228.5045,29.993,7.315249113871362
228.7209,29.983,7.322465333692623
228.9407,29.963,7.3297986002992355
229.1565,29.973,7.336999614714612
229.3725,29.963,7.34420730291536
229.5879,29.993,7.351392572112771
229.8043,29.993,7.358607588950034
230.0207,29.983,7.365823808771295
230.2405,29.963,7.373157075377907
230.4563,29.973,7.380358089793284
230.6723,29.963,7.387565777994032
230.8922,29.943,7.394907279680007
231.1083,29.953,7.402123120470711
231.3239,29.943,7.409322265655699
231.5392,29.943,7.416512593946116
231.7547,29.933,7.423710803579359
231.9746,29.943,7.431055983618106
232.1908,29.953,7.438275163529952
232.4064,29.943,7.44547430871494
232.6217,29.943,7.452664637005359
232.8372,29.933,7.459862846638601
233.0526,29.923,7.467060120094897
233.2716,29.903,7.474381351666454
233.487,29.913,7.481583438064742
233.706,29.893,7.48890711796308
233.9207,29.903,7.4960882003097264
234.136,29.903,7.5032881468033885
234.3514,29.923,7.5104890293628115
234.5705,29.903,7.517813603962484
234.7859,29.913,7.525015690360772
235.0048,29.893,7.532336026113037
235.2196,29.903,7.539520453165014
235.4349,29.903,7.5467203996586765
235.6498,29.893,7.553908171415984
235.8647,29.893,7.561097145423277
236.0799,29.882,7.568297480011316
236.2945,29.882,7.5754790608961295
236.509,29.872,7.582658496582443
236.7239,29.893,7.589849996624274
236.9389,29.893,7.597042315896345
237.154,29.882,7.604239304603999
237.3686,29.882,7.611420885488812
237.5831,29.872,7.618600321175126
237.7976,29.872,7.6257809585613066
238.0118,29.862,7.6329527535189525
238.2278,29.852,7.640187237894476
238.4427,29.852,7.647386085542874
238.6573,29.842,7.654576087888168
238.8724,29.842,7.661784049821015
239.0869,29.872,7.668968294721709
239.3011,29.862,7.676140089679354
239.5171,29.852,7.683374574054877
239.732,29.852,7.6905734217032755
239.9466,29.842,7.69776342404857
240.1617,29.842,7.704971385981416
240.3767,29.832,7.712177204260734
240.5957,29.812,7.719520776120435
240.8103,29.812,7.726719219700202
241.0252,29.812,7.733927726341823
241.2398,29.812,7.741126169921589
241.4549,29.832,7.748338965844063
241.6738,29.812,7.755679184474603
241.8884,29.812,7.76287762805437
242.1033,29.812,7.77008613469599
242.3179,29.812,7.777284578275758
242.5365,29.792,7.784619656458429
242.7512,29.792,7.791826289111491
242.9654,29.792,7.79901613873555
243.1798,29.782,7.806213909575178
243.3943,29.782,7.813416246557248
243.6081,29.772,7.82059628484183
243.8266,29.792,7.8279329311382515
244.0413,29.792,7.835139563791312
244.2555,29.792,7.8423294134153725
244.4699,29.782,7.849527184255
244.6844,29.782,7.85672952123707
244.8982,29.772,7.863909559521652
245.1122,29.772,7.8710975213649945
245.3266,29.772,7.878298918651035
245.5403,29.762,7.885478009590666
245.7542,29.752,7.8926662342100835
245.9681,29.742,7.899856875283133
246.1822,29.772,7.907051821010189
246.3965,29.772,7.9142498594355555
246.6102,29.762,7.921428950375186
246.8242,29.752,7.928620535548423
247.038,29.742,7.935807814937942
247.2516,29.742,7.942989578101145
247.4651,29.732,7.950169185997032
247.6784,29.732,7.957343274521181
247.8915,29.722,7.964511841816905
248.105,29.722,7.9716950730934
248.3184,29.712,7.978876147899067
248.5319,29.742,7.986058170975731
248.7455,29.732,7.993241141685621
248.9587,29.732,8.000411866830246
249.1719,29.722,8.007583798071206
249.3853,29.722,8.014763664836565
249.5987,29.712,8.021944739642231
249.8121,29.712,8.029127022894789
250.0251,29.702,8.03629705016109
250.2381,29.702,8.04346828442141
250.4514,29.702,8.050649619011674
250.6647,29.692,8.057832162702956
250.878,29.712,8.065013497293219
251.0911,29.702,8.072186890769505
251.3041,29.702,8.079358125029824
251.5174,29.702,8.086539459620088
251.7306,29.692,8.093718635967868
251.9432,29.682,8.100880019738542
252.1561,29.682,8.10805271699614
252.3687,29.672,8.115216513875877
252.5815,29.672,8.122388258281378
252.7974,29.651,8.129667054026704
253.0098,29.651,8.136830387472457
253.2224,29.682,8.143996719867582
253.4353,29.682,8.15116941712518
253.6478,29.672,8.158329844392087
253.8606,29.672,8.165501588797587
254.0765,29.651,8.172780384542914
254.2889,29.651,8.179943717988667
254.5013,29.651,8.187107051434419
254.7139,29.641,8.194278339297874
254.9262,29.641,8.201440715735917
255.1422,29.621,8.20873037858901
255.3539,29.631,8.215876128943428
255.5663,29.651,8.22304187908681
255.7789,29.641,8.230213166950266
255.9912,29.641,8.237375543388309
256.2071,29.621,8.24466183139749
256.4188,29.631,8.251807581751907
256.6306,29.631,8.258955501160635
256.8487,29.601,8.266319763721413
257.0629,29.601,8.273556005740263
257.2804,29.581,8.280906213573724
257.4943,29.601,8.28813476279477
257.7116,29.581,8.295478211816432
257.9233,29.631,8.302628789402057
258.1415,29.601,8.309996428516051
258.3556,29.601,8.317229292270653
258.5731,29.581,8.324579500104116
258.7871,29.601,8.331811428731063
259.0043,29.581,8.339151498346824
259.218,29.581,8.346375730117218
259.4315,29.581,8.353593200790963
259.645,29.571,8.360811891621363
259.8587,29.571,8.36803856640409
260.0717,29.561,8.375242787468828
260.2855,29.581,8.382472843943075
260.499,29.581,8.38969031461682
260.7124,29.571,8.396905624327395
260.9261,29.571,8.404132299110122
261.1392,29.561,8.41133990243827
261.3523,29.561,8.418548724873235
261.5653,29.551,8.425755383419721
261.7816,29.531,8.433077410433027
261.9943,29.541,8.440278791798141
262.2069,29.531,8.447476787464447
262.4195,29.531,8.45467600184933
262.6326,29.561,8.461888484080427
262.8456,29.551,8.469095142626914
263.0619,29.531,8.476417169640218
263.2746,29.541,8.483618551005334
263.4872,29.531,8.490816546671638
263.6998,29.531,8.498015761056521
263.9124,29.531,8.505214975441405
264.1255,29.521,8.512432343185088
264.338,29.511,8.51963182821016
264.5502,29.511,8.526822367331166
264.7623,29.511,8.534009517885195
264.975,29.531,8.541214558364855
265.188,29.521,8.548428539263044
265.4005,29.511,8.555628024288117
265.6127,29.511,8.562818563409122
265.8249,29.511,8.570009102530127
266.0412,29.491,8.577341057379115
266.2535,29.491,8.584539863794632
266.4655,29.491,8.59172849761512
266.6783,29.481,8.598945481946666
266.89,29.481,8.60612637811708
267.1022,29.471,8.613325455332442
267.3185,29.491,8.620662384201882
267.5308,29.491,8.6278611906174
267.7429,29.491,8.635053215302898
267.9556,29.481,8.642266808194439
268.1674,29.481,8.64945109638005
268.3795,29.471,8.656646781004829
268.5954,29.461,8.663973869852992
268.8111,29.451,8.671296656382053
269.0235,29.461,8.678507411406496
269.2352,29.451,8.685694402172384
269.4467,29.451,8.692875822158124
269.6625,29.461,8.700202003581264
269.8783,29.451,8.707528185004405
270.0907,29.461,8.714738940028848
270.3024,29.451,8.721925930794734
270.5139,29.451,8.729107350780474
270.7253,29.441,8.736286594141204
270.9368,29.441,8.743470453385115
271.1479,29.431,8.750641944076785
271.3592,29.431,8.757821448680774
271.5711,29.431,8.765021339951883
271.7821,29.42,8.772191991257722
271.9935,29.441,8.77937501567117
272.205,29.441,8.78655887491508
272.416,29.431,8.793726968406045
272.6274,29.431,8.800909870787887
272.8393,29.431,8.808109762058994
273.0503,29.42,8.815280413364833
273.2635,29.4,8.822529648318932
273.4768,29.4,8.829784750359748
273.69,29.39,8.837037684532225
273.9026,29.39,8.844271437509429
274.1152,29.38,8.85150642134472
274.3284,29.4,8.858760589429101
274.5417,29.4,8.866015691469917
274.7548,29.39,8.87326522370329
274.9675,29.39,8.880502379198356
275.1801,29.38,8.887737363033647
275.3924,29.38,8.89496336711806
275.605,29.38,8.90219958223038
275.8177,29.37,8.90944043329421
276.0304,29.36,8.916683750168039
276.2431,29.36,8.92392830057676
276.4561,29.36,8.93118306896913
276.6684,29.38,8.938411533388607
276.881,29.38,8.945647748500926
277.0937,29.37,8.952888599564757
277.3064,29.36,8.960131916438586
277.5191,29.36,8.967376466847305
277.7321,29.36,8.974631235239677
277.9442,29.35,8.981856580155364
278.1568,29.35,8.98910019173969
278.3691,29.34,8.996334814332977
278.5852,29.32,9.003702697046922
278.7971,29.33,9.010928613500461
279.0092,29.35,9.018157652355267
279.2219,29.35,9.02540467109462
279.4341,29.34,9.032635885952347
279.6503,29.32,9.040007178144641
279.8622,29.33,9.047233094598178
280.0742,29.33,9.054461188699783
280.2856,29.33,9.061668825931285
280.4977,29.32,9.068901562504175
280.7093,29.31,9.076119710210127
280.9211,29.31,9.083345912871337
281.1323,29.3,9.090552874140744
281.3442,29.33,9.097781255515468
281.5556,29.33,9.104988892746972
281.7678,29.32,9.112225039379538
281.9793,29.31,9.119439775862567
282.1911,29.31,9.126665978523775
282.4023,29.3,9.133872939793184
282.6151,29.3,9.141135738427995
282.8266,29.3,9.148354168462124
283.0382,29.29,9.155577244072298
283.2498,29.28,9.16280278615869
283.4648,29.27,9.17014693645758
283.6776,29.3,9.177413455153157
283.889,29.3,9.184628472218005
284.1007,29.29,9.191854961379978
284.3123,29.28,9.19908050346637
284.5272,29.27,9.206421237881399
284.7382,29.27,9.213629984037873
284.9492,29.27,9.220838730194346
285.1604,29.27,9.228054309285564
285.3714,29.26,9.235264287074733
285.5823,29.26,9.242472079282525
285.7931,29.25,9.249677685161862
286.0041,29.27,9.256888895004652
286.2151,29.27,9.264097641161126
286.4263,29.27,9.271313220252345
286.6373,29.26,9.278523198041512
286.8482,29.26,9.285730990249306
287.059,29.25,9.292936596128643
287.2696,29.25,9.300136596128642
287.4806,29.24,9.307351504660014
287.6914,29.24,9.314560806985595
287.9057,29.22,9.32189231570951
288.1164,29.23,9.329101896547833
288.327,29.25,9.336304358928134
288.538,29.24,9.343519267459508
288.7488,29.24,9.350728569785089
288.9631,29.22,9.358060078509002
289.1738,29.23,9.365269659347327
289.3839,29.22,9.372458709817813
289.5946,29.22,9.379669524328424
289.8049,29.21,9.386867881336808
290.0185,29.2,9.394181697464186
290.2283,29.21,9.401365398885174
290.4416,29.189,9.408670318489962
290.6517,29.22,9.415864415290113
290.8623,29.22,9.423071807487238
291.0726,29.21,9.430270164495624
291.2862,29.2,9.437583980623
291.496,29.21,9.444767682043988
291.7093,29.189,9.452072601648776
291.9198,29.2,9.4592828638557
292.1315,29.189,9.466534229695156
292.3429,29.179,9.473777924870594
292.5543,29.179,9.481022861297477
292.7659,29.169,9.488275894820477
292.9763,29.2,9.495485201130332
293.1881,29.189,9.5027399922725
293.3994,29.179,9.509980260912851
293.6108,29.179,9.517225197339732
293.8224,29.169,9.524478230862734
294.0334,29.169,9.531711937880456
294.2445,29.169,9.538949073195345
294.4557,29.159,9.54619087816037
294.6667,29.159,9.553427065958306
294.8773,29.149,9.560650774540319
295.0921,29.129,9.568022338423775
295.3031,29.169,9.575261008704057
295.5141,29.169,9.582494715721783
295.7254,29.159,9.589739949571735
295.9364,29.159,9.596976137369671
296.147,29.149,9.604199845951683
296.3617,29.129,9.611567978008377
296.5725,29.139,9.618803510376058
296.7872,29.119,9.626174171916103
296.9982,29.129,9.633419055860617
297.2087,29.129,9.640645531194478
297.423,29.109,9.648004987219753
297.6338,29.139,9.655243003975693
297.8484,29.119,9.662610232510831
298.0595,29.129,9.66985855004963
298.27,29.129,9.677085025383489
298.4842,29.109,9.6844410472249
298.6982,29.099,9.69179398840137
298.9086,29.109,9.699023235240292
299.1225,29.099,9.706372740462943
299.3326,29.109,9.713591679440404
299.5429,29.099,9.720817490325503
299.7531,29.089,9.72804234768441
299.9671,29.099,9.735397816165884
300.1774,29.109,9.742623627050984
300.3914,29.099,9.749976568227455
300.6014,29.109,9.757192071251096
300.8117,29.099,9.764417882136195
301.0219,29.089,9.771642739495102
301.2321,29.089,9.778868838707861
301.4424,29.089,9.786098375646224
301.6561,29.069,9.793447321620981
301.866,29.079,9.800666830460495
302.0758,29.079,9.807881659030942
302.286,29.089,9.815109000524545
302.4962,29.089,9.822335099737305
302.71,29.069,9.829687484619866
302.9199,29.079,9.83690699345938
303.1297,29.079,9.844121822029827
303.339,29.069,9.851320693874086
303.5485,29.069,9.858527684138629
303.758,29.059,9.865735914251482
303.9713,29.049,9.873077416282184
304.1811,29.059,9.880298452972486
304.3907,29.049,9.887512605929048
304.6,29.069,9.894715193767585
304.8095,29.069,9.901922184032127
305.019,29.059,9.90913041414498
305.2323,29.049,9.916471916175682
305.4421,29.059,9.923692952865983
305.6517,29.049,9.930907105822547
305.8614,29.049,9.938125942959797
306.0709,29.039,9.94533913673476
306.2805,29.039,9.952557016138321
306.4895,29.029,9.959755473119792
306.6985,29.029,9.96695516997466
306.9082,29.049,9.974176493022975
307.1177,29.039,9.981389686797938
307.3273,29.039,9.988607566201498
307.5363,29.029,9.995806023182968
307.7453,29.029,10.003005720037837
307.9581,29.009,10.010338846610084
308.1667,29.019,10.017528479201246
308.3757,29.019,10.024730657084701
308.5848,29.009,10.031937522735765
308.7933,29.009,10.039124947328133
309.0019,29.009,10.04631581912654
309.2147,29.009,10.053651473578608
309.4234,29.019,10.060844552781752
309.6323,29.019,10.06804328464708
309.8414,29.009,10.075250150298146
310.05,29.009,10.082441022096553
310.2585,29.009,10.089628446688922
310.4673,28.999,10.096827453722435
310.6761,28.999,10.104027702006858
310.8848,28.989,10.111225742980851
311.0935,28.989,10.118425025467312
311.3019,28.979,10.125615199356353
311.5107,28.999,10.13281793142714
311.7194,28.999,10.140014731316791
311.9281,28.989,10.147212772290784
312.1368,28.989,10.154412054777245
312.3452,28.979,10.161602228666286
312.5538,28.979,10.168800544688235
312.7622,28.979,10.175991959160784
312.9708,28.969,10.1831915173854
313.1785,28.969,10.190361250548435
313.3868,28.959,10.19755293677962
313.5973,28.948,10.204823214984328
313.8059,28.979,10.21202538323057
314.0143,28.979,10.219216797703119
314.2228,28.969,10.22641290455754
314.4306,28.969,10.233586089686472
314.6388,28.959,10.240774323355854
314.8493,28.948,10.248044601560563
315.0572,28.948,10.2552264448658
315.2653,28.948,10.262415197111205
315.4731,28.938,10.269594826037023
315.6812,28.938,10.276786062473542
315.889,28.938,10.283966931918563
316.0969,28.948,10.291150015911239
316.3051,28.948,10.298342222626728
316.5129,28.938,10.305521851552548
316.721,28.938,10.312713087989067
316.9288,28.938,10.319893957434088
317.1368,28.928,10.327082980349097
317.3448,28.928,10.334273245835824
317.5524,28.918,10.341450924499862
317.7637,28.908,10.348759055790284
317.9743,28.898,10.356045496644176
318.1817,28.908,10.36322122234739
318.3897,28.928,10.37041397426661
318.5977,28.928,10.377604239753333
318.8053,28.918,10.384781918417373
319.0166,28.908,10.392090049707795
319.2272,28.898,10.399376490561686
319.4346,28.908,10.4065522162649
319.6446,28.888,10.413819155153407
319.8552,28.888,10.421109379468001
320.0655,28.878,10.428390479076766
320.2754,28.878,10.435658987976275
320.4892,28.858,10.443065112404708
320.6992,28.888,10.450338343451016
320.9098,28.888,10.45762856776561
321.1201,28.878,10.464909667374375
321.3301,28.878,10.472181639117572
321.5438,28.858,10.479584299502772
321.7578,28.858,10.486999920820951
321.9677,28.868,10.494272207139074
322.1811,28.848,10.501667036995615
322.3912,28.858,10.508948775463018
322.6007,28.848,10.516209718865785
322.8105,28.848,10.523482320085972
323.0245,28.858,10.530899226473522
323.2344,28.868,10.538171512791646
323.4478,28.848,10.545566342648184
323.6579,28.858,10.552848081115588
323.8674,28.848,10.560109024518354
324.0772,28.848,10.567381625738545
324.287,28.848,10.574654226958732
324.4964,28.838,10.58191422071805
324.7097,28.828,10.589311994102713
324.919,28.828,10.596572296586409
325.1287,28.828,10.603846474469023
325.3383,28.828,10.611117183501909
325.548,28.848,10.618388838956518
325.7575,28.838,10.625652299761565
325.9707,28.828,10.633046604898041
326.1801,28.828,10.640310376231465
326.3897,28.828,10.64758108526435
326.5993,28.828,10.654851794297237
326.8084,28.818,10.662106417341333
327.0181,28.808,10.669384382148884
327.2276,28.808,10.67665666762514
327.437,28.798,10.683926743658887
327.6461,28.798,10.691187664556171
327.8552,28.818,10.698446065000493
328.0649,28.808,10.705724029808044
328.2744,28.808,10.7129963152843
328.4838,28.798,10.720266391318045
328.6929,28.798,10.727527312215331
328.9021,28.798,10.734791705575981
329.1117,28.788,10.742071252688126
329.3207,28.788,10.749331222119833
329.5295,28.788,10.756584244212371
329.7383,28.778,10.763838526253855
329.9473,28.778,10.771101018435383
330.1564,28.798,10.778364461536675
330.366,28.788,10.78564400864882
330.5751,28.788,10.792907451750112
330.7839,28.788,10.80016047384265
330.9926,28.778,10.807411281611124
331.2016,28.778,10.814673773792652
331.4144,28.758,10.822070881690317
331.6233,28.768,10.829333684596827
331.8317,28.768,10.836577844774805
332.0403,28.758,10.843830217614912
332.2492,28.758,10.851094283266207
332.4619,28.758,10.858490486061951
332.6708,28.768,10.865753288968461
332.8792,28.768,10.872997449146439
333.0878,28.758,10.880249821986546
333.2967,28.758,10.88751388763784
333.5055,28.748,10.894775738575134
333.7142,28.748,10.902035374028037
333.9265,28.728,10.909422805303699
334.1353,28.748,10.916688446614854
334.3443,28.738,10.923959782244399
334.5542,28.728,10.931264971399726
334.763,28.748,10.938530612710881
334.9718,28.748,10.945793726666635
335.184,28.728,10.953177678229027
335.3928,28.748,10.960443319540182
335.6018,28.738,10.967714655169727
335.8117,28.728,10.975019844325052
336.0201,28.728,10.982274091052984
336.2284,28.728,10.989524856856383
336.4367,28.717,10.996777011090867
336.645,28.717,11.004030554288276
336.8535,28.707,11.011292326369636
337.0619,28.728,11.01854922547297
337.2703,28.728,11.025803472200902
337.4786,28.717,11.033055626435386
337.6869,28.717,11.040309169632796
337.8953,28.707,11.04756745884985
338.1038,28.707,11.054830495739806
338.3125,28.697,11.062101766034559
338.5206,28.697,11.069353395124708
338.732,28.677,11.076722586744607
338.9399,28.697,11.083969771880732
339.1513,28.677,11.091338963500627
339.3598,28.707,11.098605797461314
339.5684,28.697,11.105873583678301
339.7766,28.697,11.11312869745326
339.988,28.677,11.120497889073159
340.1959,28.697,11.127745074209283
340.4072,28.677,11.135110779929644
340.6183,28.667,11.142473363635
340.8257,28.677,11.149706901581428
341.0338,28.677,11.15696358812465
341.2414,28.667,11.164204101517509
341.4491,28.667,11.171449366107455
341.6601,28.667,11.178809745637926
341.8676,28.677,11.186046771307568
342.0756,28.677,11.193299970735682
342.2833,28.667,11.200543971851753
342.491,28.667,11.207789236441698
342.6989,28.667,11.215041477694706
342.9063,28.657,11.222277539379167
343.1136,28.657,11.229511374044346
343.3214,28.647,11.236763921859506
343.5289,28.647,11.244007263221604
343.7359,28.637,11.251234412163717
343.9438,28.667,11.258490450136632
344.1511,28.657,11.265723022881032
344.3585,28.657,11.272960347095012
344.5663,28.647,11.280212894910173
344.7738,28.647,11.28745623627227
344.9807,28.637,11.294679893838083
345.1879,28.637,11.301915288607088
345.3953,28.627,11.30915893208292
345.606,28.617,11.316520402280668
345.8131,28.627,11.32375609510437
346.024,28.607,11.331125840360686
346.2312,28.637,11.338365027000334
346.4385,28.627,11.345605177880467
346.6492,28.617,11.352966648078217
346.8563,28.627,11.360202340901917
347.0672,28.607,11.367572086158235
347.2743,28.617,11.374810307883385
347.4845,28.597,11.38215815980774
347.6912,28.607,11.389384927166665
347.898,28.607,11.396613927061797
348.1046,28.597,11.40383719816172
348.3115,28.597,11.411072222814656
348.5186,28.617,11.41831170965354
348.7288,28.597,11.425659561577895
348.9356,28.607,11.432889825195826
349.1423,28.607,11.440115329443037
349.349,28.597,11.447342096801963
349.5559,28.597,11.4545771214549
349.7622,28.587,11.461792426435315
349.9685,28.587,11.469008993406316
350.1788,28.567,11.476368058388646
350.3845,28.577,11.483567414401525
350.5905,28.577,11.490776008725632
350.7968,28.587,11.497993838128753
351.0032,28.587,11.505213903193292
351.2135,28.567,11.512572968175622
351.4192,28.577,11.519772324188501
351.6252,28.577,11.526980918512608
351.8349,28.557,11.534321556311466
352.0448,28.547,11.5416730553308
352.2504,28.557,11.548873951940495
352.4565,28.557,11.556091096598546
352.6625,28.547,11.56330600273472
352.8688,28.547,11.570532681545103
353.0785,28.557,11.577877175801197
353.2884,28.547,11.58522867482053
353.494,28.557,11.592429571430225
353.7001,28.557,11.599646716088277
353.9062,28.547,11.606865124606069
354.1125,28.547,11.614091803416452
354.3179,28.537,11.621288215721126
354.5249,28.537,11.628541956478738
354.7326,28.527,11.635821502251904
354.9402,28.517,11.643100094216003
355.1478,28.517,11.650379962364827
355.3533,28.537,11.657583664121058
355.5603,28.537,11.66483740487867
355.768,28.527,11.672116950651835
355.9756,28.517,11.679395542615934
356.1832,28.517,11.686675410764758
356.39,28.517,11.693927225471775
356.5968,28.507,11.701180311891527
356.8041,28.507,11.708452210021811
357.0111,28.497,11.715714858257023
357.2215,28.476,11.723100813007518
357.4281,28.486,11.730354771787054
357.6349,28.517,11.737610530255909
357.8417,28.507,11.74486361667566
358.049,28.507,11.752135514805943
358.2559,28.497,11.759394654515438
358.4663,28.476,11.766780609265933
358.673,28.486,11.774038079158142
358.8798,28.476,11.781299060163022
359.0906,28.466,11.788703085311418
359.2974,28.476,11.795966616623982
359.5039,28.466,11.803219610898859
359.7101,28.466,11.810463340260203
359.9165,28.456,11.817715369352644
360.1233,28.476,11.824980176490984
360.3342,28.466,11.832387713985277
360.541,28.476,11.83965124529784
360.7475,28.466,11.846904239572718
360.9537,28.466,11.854147968934061
361.1601,28.456,11.861399998026503
361.367,28.456,11.868670872358805
361.5733,28.446,11.875921935590327
361.7799,28.446,11.883184819651355
361.9864,28.436,11.890445464495066
362.1927,28.436,11.897700352664991
362.3986,28.426,11.904942447561407
362.6055,28.456,11.912217156608206
362.8119,28.446,11.919471734654671
363.0184,28.446,11.926731103282949
363.225,28.436,11.933995264177433
363.4312,28.436,11.941246635678347
363.6371,28.426,11.948488730574763
363.8431,28.426,11.955735617227827
364.049,28.426,11.962978985974749
364.2549,28.416,11.970223629020385
364.4619,28.406,11.977509539407206
364.6677,28.406,11.984754487657577
364.8735,28.406,11.991999435907944
365.0794,28.426,11.999245353700738
365.2854,28.426,12.0064922403538
365.4912,28.416,12.013733364874401
365.6983,28.406,12.021022795024695
365.9041,28.406,12.028267743275066
366.1099,28.406,12.035512691525433
366.3156,28.406,12.042754119392786
366.5214,28.396,12.050000343117302
366.7273,28.396,12.057251364387904
366.9332,28.386,12.064503662651438
367.1386,28.386,12.071739624040855
367.3444,28.406,12.078987123688693
367.5501,28.396,12.086229826410428
367.7561,28.396,12.093484369303793
367.9619,28.386,12.100733145324364
368.1673,28.386,12.107969106713782
368.3727,28.386,12.115205068103199
368.5778,28.376,12.12243173383027
368.7831,28.376,12.129666721143492
368.9883,28.366,12.136899458798139
369.197,28.346,12.144259453155595
369.4021,28.356,12.15149376587825
369.6075,28.386,12.158733552984803
369.8126,28.376,12.165960218711872
370.0179,28.376,12.173195206025095
370.2231,28.366,12.180427943679742
370.4318,28.346,12.187787938037198
370.637,28.356,12.195025777972297
370.8419,28.356,12.202251761891045
371.0465,28.346,12.209468438551479
371.2513,28.346,12.216693443843232
371.4598,28.326,12.224051574842665
371.6646,28.336,12.231280405452246
371.8695,28.356,12.238508938578613
372.0741,28.346,12.245725615239047
372.2789,28.346,12.2529506205308
372.4874,28.326,12.260308751530234
372.6922,28.336,12.267537582139814
372.8965,28.336,12.274747491795376
373.1046,28.306,12.282095396177283
373.309,28.326,12.289313929868483
373.5131,28.316,12.296520596299752
373.7178,28.316,12.30374972470772
373.9223,28.306,12.310973065458665
374.1266,28.336,12.318186793787467
374.3347,28.306,12.325534698169374
374.5391,28.326,12.332753231860574
374.7432,28.316,12.339959898291843
374.9479,28.316,12.34718902669981
375.1524,28.306,12.354412367450756
375.3562,28.306,12.36161225440052
375.5604,28.296,12.36882754714636
375.7649,28.296,12.376054717064369
375.9689,28.296,12.383264216640281
376.173,28.286,12.390478525077594
376.3768,28.306,12.397680956516666
376.581,28.296,12.404896249262507
376.7855,28.296,12.412123419180515
376.9895,28.296,12.419332918756428
377.1936,28.286,12.42654722719374
377.3972,28.276,12.433746406854997
377.6008,28.276,12.440946859535716
377.8046,28.276,12.448154385352662
378.0081,28.266,12.455352574309545
378.212,28.255,12.462567591736695
378.4174,28.245,12.469838388196871
378.621,28.276,12.477042790100588
378.8245,28.276,12.484239706213193
379.0283,28.276,12.49144723203014
379.2318,28.266,12.498645420987023
379.4358,28.255,12.505863976921983
379.6411,28.245,12.513131233559152
379.8465,28.245,12.520403317113763
380.0514,28.245,12.527657698420189
380.2562,28.235,12.53490982306608
380.4612,28.225,12.54217160131617
380.6662,28.225,12.54943466597516
380.8715,28.245,12.556705783382633
381.0764,28.245,12.563960164689057
381.2812,28.235,12.57121228933495
381.4862,28.225,12.578474067585038
381.6912,28.225,12.585737132244027
381.8961,28.215,12.592997940181661
382.1047,28.195,12.600393791980988
382.3093,28.205,12.607649111129925
382.5138,28.205,12.61489959863214
382.7219,28.195,12.622279031256253
382.9259,28.195,12.62951435666856
383.1308,28.215,12.636779026053421
383.3394,28.195,12.644174877852748
383.544,28.205,12.651430197001684
383.7486,28.205,12.658684229974561
383.9566,28.195,12.666060116499382
384.1606,28.195,12.673295441911689
384.3651,28.195,12.680548500964713
384.5728,28.175,12.687917668961875
384.777,28.185,12.695163942915034
384.9846,28.165,12.702532177165256
385.189,28.175,12.709788123207145
385.3935,28.195,12.717043755635743
385.6011,28.175,12.724409375646385
385.8053,28.185,12.731655649599544
386.0129,28.165,12.739023883849766
386.2173,28.175,12.746279829891655
386.4213,28.165,12.753521576430524
386.6288,28.155,12.76089018438507
386.8328,28.155,12.768135789073403
387.0368,28.155,12.775381393761736
387.2407,28.145,12.782624733015732
387.4477,28.125,12.789982117056962
387.6518,28.165,12.797233849158578
387.8593,28.155,12.804602457113125
388.0633,28.155,12.811848061801458
388.2672,28.155,12.819090114722785
388.4711,28.145,12.826333453976781
388.6782,28.125,12.83369439230982
388.882,28.135,12.840939326543733
389.0892,28.115,12.848306437654845
389.2927,28.125,12.85554327976011
389.4965,28.125,12.86278950198233
389.6997,28.125,12.87001439087122
389.9035,28.135,12.877259325105133
390.1108,28.115,12.8846299917718
390.3142,28.125,12.891863277689298
390.518,28.125,12.899109499911518
390.7212,28.125,12.906334388800408
390.9283,28.095,12.913701873681232
391.1312,28.105,12.920922514250627
391.3343,28.105,12.928148986408607
391.5373,28.095,12.935373185696864
391.7403,28.095,12.942598670658601
391.9431,28.095,12.949817036915944
392.1502,28.095,12.957188455317793
392.353,28.105,12.964405537168327
392.5561,28.105,12.971632009326306
392.7591,28.095,12.978856208614562
392.9622,28.095,12.986085252928497
393.1649,28.095,12.99330005983364
393.3679,28.085,13.000526830926557
393.5742,28.065,13.00787500545906
393.7766,28.075,13.015085550524965
393.9829,28.055,13.022436343327389
394.1854,28.065,13.029653021873363
394.3885,28.065,13.03688979365316
394.5914,28.085,13.044116864000443
394.7978,28.065,13.051468600420746
395.0002,28.075,13.058679145486654
395.2065,28.055,13.066029938289077
395.409,28.065,13.07324661683505
395.6121,28.065,13.080483388614846
395.8145,28.055,13.087696503368944
396.0207,28.035,13.095048972614798
396.2265,28.024,13.102391237014805
396.4286,28.035,13.109601497633083
396.6307,28.035,13.116810343718333
396.8331,28.055,13.124027316440744
397.0393,28.035,13.1313797856866
397.2451,28.024,13.138722050086605
397.4472,28.035,13.145932310704882
397.6492,28.035,13.153137589820274
397.8517,28.024,13.160362121117656
398.0564,28.004,13.167669181872991
398.2539,28.035,13.17471784441158
398.4544,28.024,13.181871022313434
398.6556,28.014,13.189051863885224
398.8584,27.994,13.196293686481997
399.0609,28.024,13.203523505468752
399.2655,28.004,13.210826996580337
399.4631,28.035,13.217879228061985
399.6636,28.024,13.225032405963837
399.8647,28.014,13.232209678528884
400.0675,27.994,13.239451501125654
400.2737,27.974,13.246819997409245
400.4765,27.984,13.254068290772123
400.6794,27.984,13.261318862527412
400.8821,27.974,13.268563581781137
401.0879,27.954,13.27592304394678
401.2941,27.974,13.2832968102177
401.4968,27.984,13.290541529471424
401.6998,27.984,13.297795674697266
401.9024,27.974,13.30503681984184
402.1082,27.954,13.312396282007482
402.3143,27.954,13.319769108794345
402.5168,27.954,13.327013152580564
402.7224,27.934,13.334370724867997
402.9246,27.944,13.34160792018637
403.1268,27.944,13.348843820558542
403.3325,27.914,13.35620892493034
403.5386,27.954,13.363587030464815
403.7411,27.954,13.370831074251036
403.9467,27.934,13.378188646538469
404.1489,27.944,13.385425841856842
404.3511,27.944,13.392661742229013
404.5568,27.914,13.400026846600815
404.7587,27.934,13.407257186093723
404.9605,27.924,13.4144826506646
405.1672,27.904,13.421887537101513
405.3699,27.914,13.429150427208647
405.5735,27.894,13.436446872162778
405.7754,27.934,13.443679801875465
405.9771,27.924,13.450901685938625
406.1838,27.904,13.45830657237554
406.3865,27.914,13.465569462482673
406.5901,27.894,13.472865907436802
406.793,27.904,13.480138569539386
406.9956,27.894,13.487400478568384
407.1981,27.884,13.494661405815686
407.4009,27.884,13.501934393909215
407.6034,27.884,13.50919662314462
407.8053,27.874,13.516438633259758
408.0082,27.904,13.5237139030794
408.2108,27.894,13.530975812108398
408.4133,27.884,13.5382367393557
408.6161,27.884,13.54550972744923
408.8186,27.884,13.552771956684634
409.0205,27.874,13.560013966799774
409.2227,27.874,13.567268038694728
409.4245,27.864,13.574509059183445
409.6263,27.854,13.58175267883957
409.8281,27.854,13.588997598779255
410.0298,27.844,13.5962402286762
410.2344,27.824,13.60359095081459
410.4366,27.874,13.610851534677566
410.6385,27.864,13.61809614338258
410.8402,27.854,13.625336173534414
411.042,27.854,13.6325810934741
411.2437,27.844,13.639823723371045
411.4483,27.824,13.647174445509437
411.6502,27.834,13.654429467249347
411.8511,27.834,13.661647258439977
412.0524,27.824,13.668880719936977
412.254,27.824,13.676126263352735
412.455,27.814,13.683351541040645
412.6569,27.834,13.690607866515057
412.8577,27.834,13.69782206497737
413.0591,27.824,13.705059119848187
413.2606,27.824,13.712301069244392
413.4616,27.814,13.719526346932302
413.6631,27.814,13.726770900035056
413.8677,27.793,13.73412968579944
414.0689,27.804,13.74136748640019
414.2697,27.793,13.748590897735335
414.4705,27.783,13.755817038515529
414.6715,27.783,13.76305167840323
414.873,27.814,13.770300270953188
415.0776,27.793,13.777659056717571
415.2788,27.804,13.784896857318321
415.4796,27.793,13.792120268653466
415.6804,27.783,13.79934640943366
415.8814,27.783,13.80658104932136
416.0821,27.773,13.813806191520225
416.2828,27.773,13.821032634468411
416.4835,27.763,13.828260378634356
416.6838,27.763,13.835475016821873
416.8873,27.743,13.84280755744811
417.0876,27.753,13.85002609572114
417.2883,27.773,13.857255141573532
417.489,27.773,13.864481584521718
417.6896,27.763,13.871705727420018
417.89,27.763,13.878923967523754
418.0935,27.743,13.886256508149993
418.2938,27.753,13.89347504642302
418.4943,27.743,13.900700792422734
418.6944,27.733,13.907914722770991
418.8943,27.733,13.915122742098147
419.0945,27.733,13.922341578863012
419.2943,27.723,13.929547291500059
419.4948,27.743,13.936776945702633
419.695,27.733,13.943994481213483
419.8949,27.733,13.951202500540639
420.095,27.733,13.958417731492935
420.2949,27.723,13.96562705059276
420.4949,27.713,13.972842578408619
420.6948,27.703,13.980057101290097
420.8945,27.703,13.987265706856281
421.0944,27.693,13.994482834446721
421.2942,27.693,14.00169765407623
421.4972,27.673,14.009030674341375
421.6972,27.703,14.016254020195174
421.8968,27.703,14.023459016043997
422.0967,27.693,14.030676143634437
422.2966,27.693,14.037894574284783
422.4996,27.673,14.045227594549926
422.6989,27.683,14.052428259337844
422.8983,27.673,14.05963253710358
423.0975,27.663,14.06683219013235
423.2983,27.653,14.07409229570759
423.4991,27.643,14.081355027189073
423.6984,27.683,14.088559596469338
423.8979,27.673,14.095767487212889
424.097,27.663,14.102963525958009
424.2978,27.653,14.11022363153325
424.4986,27.643,14.117486363014732
424.6971,27.643,14.124667204457412
424.8964,27.643,14.131876986319005
425.0951,27.633,14.13906636326379
425.2973,27.613,14.146386350231174
425.4998,27.603,14.15372118071509
425.6989,27.613,14.160932858489648
425.8974,27.643,14.168117598608369
426.0966,27.643,14.175323762917598
426.2953,27.633,14.182513139862383
426.4976,27.613,14.18983674700136
426.7001,27.603,14.19717157748528
426.8991,27.613,14.204379633121325
427.0979,27.613,14.211579140599687
427.2964,27.603,14.218769085543183
427.4948,27.593,14.225958012277005
427.6932,27.593,14.233148241683013
427.8918,27.583,14.240347023762178
428.0906,27.613,14.247550444299899
428.289,27.603,14.254736767104882
428.4874,27.593,14.261925693838704
428.6858,27.593,14.269115923244712
428.8844,27.583,14.276314705323879
429.0825,27.583,14.283496665226716
429.2842,27.562,14.290811924996415
429.4833,27.562,14.298035638805281
429.6839,27.542,14.305316416970205
429.8834,27.542,14.312559899651202
430.0865,27.522,14.319936770201833
430.2846,27.583,14.327126680373324
430.4862,27.562,14.334438313340954
430.6854,27.562,14.341665655333554
430.8859,27.542,14.348942803997897
431.0855,27.542,14.35618991749728
431.2886,27.522,14.36356678804791
431.4913,27.512,14.37093314339188
431.6907,27.522,14.378179572871836
431.89,27.512,14.385422368234703
432.0891,27.512,14.392659210339966
432.2883,27.502,14.399901003338112
432.4911,27.512,14.407273672113334
432.6905,27.522,14.41452010159329
432.8898,27.512,14.421762896956157
433.0889,27.512,14.428999739061421
433.2881,27.502,14.436241532059565
433.4866,27.502,14.443459188957247
433.685,27.492,14.450674521538984
433.8838,27.482,14.457907031452761
434.0858,27.472,14.465258634611766
434.288,27.462,14.47262019575787
434.4865,27.472,14.479847049800902
434.685,27.502,14.487068645464309
434.8834,27.492,14.494283978046045
435.0823,27.482,14.50152012604328
435.2843,27.472,14.508871729202285
435.4864,27.462,14.516229649615873
435.685,27.472,14.523460144391422
435.8832,27.462,14.530676076236908
436.0816,27.462,14.537900604676206
436.2797,27.452,14.545115522547787
436.478,27.442,14.552340355862905
436.6761,27.442,14.559559217461914
436.8743,27.462,14.56677909215228
437.0727,27.462,14.57400362059158
437.2709,27.452,14.581222180521651
437.4692,27.442,14.588447013836769
437.6672,27.442,14.595662231386509
437.8652,27.432,14.602878763806235
438.0634,27.422,14.610105219488592
438.2612,27.412,14.617319721439936
438.4588,27.412,14.6245282432552
438.6566,27.402,14.631745377563956
438.8541,27.402,14.638952880665919
439.0521,27.432,14.6461746773614
439.2502,27.422,14.653397487001536
439.4481,27.412,14.660615636324948
439.6457,27.412,14.66782415814021
439.8434,27.402,14.675037643746077
440.041,27.402,14.6822487962167
440.2384,27.392,14.6894539646658
440.4356,27.392,14.69665314690879
440.6328,27.382,14.70385364349476
440.8335,27.362,14.711185953884941
441.0343,27.352,14.718525939994528
441.2318,27.392,14.725741342595729
441.429,27.392,14.732940524838718
441.6261,27.382,14.740137370057253
441.8268,27.362,14.747469680447432
442.0277,27.352,14.754813321928589
442.2251,27.352,14.762030344449794
442.422,27.352,14.769229086772112
442.6188,27.342,14.776425488571213
442.8154,27.332,14.783617206755359
443.0152,27.311,14.790930128813079
443.2114,27.321,14.798112732415364
443.4088,27.352,14.805333847042325
443.6057,27.352,14.812532589364643
443.8026,27.342,14.819732647871975
443.9991,27.332,14.826920708010249
444.1989,27.311,14.834233630067969
444.3951,27.321,14.841416233670254
444.5915,27.311,14.848606158988748
444.7909,27.291,14.855909920755717
444.9867,27.301,14.86308313294798
445.186,27.271,14.870387244946807
445.3817,27.281,14.877562050636792
445.578,27.311,14.88475358053128
445.7775,27.291,14.89206100516774
445.9733,27.301,14.899234217360004
446.1726,27.271,14.906538329358831
446.3682,27.281,14.913709468822097
446.5641,27.271,14.920891606965519
446.7596,27.261,14.928061708924002
446.9554,27.261,14.935244130698699
447.1503,27.251,14.94239484980642
447.3488,27.231,14.949681660129093
447.5434,27.231,14.956827927251124
447.7392,27.271,14.964012984680208
447.9348,27.261,14.971186754210025
448.1305,27.261,14.97836550774071
448.3255,27.251,14.985519895765364
448.524,27.231,14.992806706088041
448.7186,27.231,14.999952973210071
448.9139,27.231,15.007124946328943
449.1089,27.221,15.014287217687203
449.3038,27.211,15.02144844637621
449.4979,27.201,15.028582902010996
449.691,27.201,15.035681905724093
449.8863,27.231,15.04285783165002
450.0813,27.221,15.05002010300828
450.2762,27.211,15.057181331697286
450.4704,27.201,15.064319462991852
450.6635,27.201,15.071418466704952
450.8608,27.171,15.078675878608136
451.0605,27.151,15.086028332494223
451.257,27.161,15.093264302445615
451.4532,27.151,15.100489225114638
451.6493,27.141,15.10771312550512
451.8454,27.141,15.11493835670515
452.0428,27.171,15.122207468503648
452.2424,27.151,15.129556240640166
452.4389,27.161,15.136792210591558
452.6351,27.151,15.144017133260583
452.8313,27.141,15.151244717435047
453.0274,27.141,15.158469948635076
453.2263,27.121,15.165801045903883
453.4218,27.121,15.173009482170984
453.6175,27.111,15.180226623342248
453.8133,27.101,15.187450116295839
454.0083,27.09,15.194646883286667
454.2073,27.121,15.201988566708849
454.4028,27.121,15.20919700297595
454.5984,27.111,15.216410456287647
454.7943,27.101,15.223637638461335
454.9893,27.09,15.230834405452164
455.1845,27.08,15.238041346563481
455.3797,27.08,15.245249618350778
455.5748,27.07,15.252455527861395
455.7694,27.06,15.25964562577383
455.9637,27.05,15.266827292748511
456.1614,27.03,15.274138683281056
456.3566,27.08,15.281353615825871
456.5518,27.08,15.288561887613168
456.747,27.07,15.295771490567924
456.9415,27.06,15.302957893671564
457.1358,27.05,15.310139560646245
457.3336,27.03,15.317454649403642
457.5308,27.02,15.324751596674687
457.7249,27.03,15.331933835342587
457.9196,27.01,15.339139608843698
458.1143,27.01,15.34634805016173
458.3091,27.0,15.353561529147102
458.5064,27.02,15.360866231109338
458.7005,27.03,15.368048469777237
458.8952,27.01,15.375254243278349
459.0899,27.01,15.38246268459638
459.2847,27.0,15.389676163581752
459.4793,26.99,15.39688490594145
459.6735,26.98,15.404081496639986
459.8674,26.97,15.411269633804025
460.062,26.96,15.418486396273895
460.2568,26.95,15.425713255854678
460.4517,26.94,15.432946508777299
460.6462,26.99,15.440159562736135
460.8405,26.98,15.447359859197132
461.0344,26.97,15.454547996361171
461.229,26.96,15.46176475883104
461.4237,26.95,15.468987908524975
461.6187,26.94,15.47622487271128
461.813,26.93,15.483438535232162
462.0104,26.91,15.490771373270796
462.2042,26.92,15.497971819118836
462.4009,26.89,15.505282727871855
462.5948,26.9,15.512492246369717
462.7892,26.93,15.519714984619762
462.9866,26.91,15.527047822658396
463.1804,26.92,15.534248268506436
463.3771,26.89,15.541559177259455
463.571,26.9,15.548768695757317
463.766,26.88,15.55602046221325
463.9593,26.88,15.563211682451342
464.1527,26.87,15.57040796152111
464.3496,26.839,15.577740066010115
464.5429,26.849,15.584940930262833
464.7359,26.839,15.592130618833838
464.9308,26.88,15.599386896873265
465.1241,26.88,15.606578117111361
465.3176,26.87,15.613778117111362
465.5144,26.839,15.621106497829677
465.7077,26.849,15.628307362082396
465.9007,26.839,15.635497050653397
466.0936,26.829,15.64268569192939
466.2864,26.819,15.64987328512951
466.4792,26.809,15.65706355886711
466.6717,26.809,15.664243983351424
466.8644,26.799,15.671433208840158
467.0573,26.829,15.67862721197285
467.2502,26.819,15.685818533177741
467.4429,26.809,15.69300507752025
467.6355,26.809,15.700189232095203
467.8281,26.799,15.707374726797488
468.0205,26.789,15.714555438897213
468.2124,26.779,15.721720164106292
468.4048,26.769,15.728906240150216
468.6001,26.749,15.73620471916662
468.7919,26.749,15.743375080675461
468.9872,26.729,15.750679018743451
469.1796,26.789,15.757869123007438
469.3714,26.779,15.765030114644237
469.5639,26.769,15.772219925654918
469.7592,26.749,15.779518404671325
469.951,26.749,15.786688766180166
470.1463,26.729,15.793992704248156
470.3385,26.729,15.801183396006172
470.5297,26.719,15.80833801357839
470.7255,26.699,15.81566887583456
470.9175,26.699,15.822860156406865
471.1094,26.689,15.830049037803432
471.3016,26.729,15.837245114032418
471.4927,26.719,15.844395989649842
471.6885,26.699,15.851726851906008
471.8805,26.699,15.858918132478314
472.0724,26.689,15.866107013874883
472.2642,26.679,15.87329484178674
472.4562,26.669,15.88049286233109
472.6479,26.659,15.887682331277984
472.8426,26.639,15.894988421562799
473.0337,26.639,15.90216211426898
473.2246,26.628,15.909329779052054
473.4165,26.679,15.916529583955725
473.6085,26.669,15.923727604500076
473.8002,26.659,15.930917073446972
473.9948,26.639,15.938219411245763
474.1859,26.639,15.945393103951945
474.3769,26.628,15.952564523404888
474.568,26.618,15.959742527386409
474.7584,26.608,15.96689692561284
474.9491,26.598,15.974065290083011
475.1398,26.588,15.981236350136408
475.33,26.578,15.988391298787802
475.5211,26.618,15.99557604952094
475.7115,26.608,16.00273044774737
475.9023,26.598,16.009902571192097
476.093,26.588,16.017073631245495
476.2831,26.578,16.024224818094233
476.4767,26.558,16.03151177985274
476.6667,26.558,16.038665933026923
476.8564,26.548,16.04581013518864
477.0462,26.538,16.052960796379914
477.2358,26.528,16.060106614794716
477.4255,26.518,16.067258897718972
477.6191,26.558,16.07455409705577
477.8091,26.558,16.081708250229955
477.9988,26.548,16.08885245239167
478.1887,26.538,16.096006881054592
478.3782,26.528,16.103148930577827
478.5679,26.518,16.110301213502083
478.7573,26.508,16.117444878873787
478.9453,26.508,16.124537077455347
479.1346,26.488,16.1316810128467
479.3275,26.468,16.138966306297867
479.5169,26.468,16.146122117088257
479.7059,26.458,16.153264164475175
479.8953,26.508,16.16041592220655
480.0833,26.508,16.16750812078811
480.2725,26.488,16.174648282309732
480.4655,26.468,16.181937352481196
480.6548,26.468,16.189089385124387
480.8439,26.458,16.196235211372354
481.0364,26.438,16.2035136445242
481.2288,26.428,16.210792424836686
481.4176,26.428,16.217936363084
481.6064,26.418,16.225081653172182
481.798,26.387,16.232338541724403
481.9905,26.438,16.239626757531312
482.1829,26.428,16.2469055378438
482.3717,26.428,16.25404947609111
482.5605,26.418,16.261194766179294
482.7521,26.387,16.268451654731514
482.9405,26.397,16.275590181557824
483.1283,26.387,16.28270597422227
483.32,26.357,16.289975047481786
483.5118,26.347,16.297253432424107
483.7008,26.347,16.304426924662312
483.8896,26.327,16.311595546752905
484.078,26.397,16.31874219723466
484.2658,26.387,16.325857989899106
484.4575,26.357,16.33312706315862
484.6493,26.347,16.34040544810094
484.8382,26.347,16.347575144840608
485.0271,26.327,16.35474756387087
485.2158,26.317,16.36191647200855
485.4089,26.287,16.36925811903159
485.5984,26.297,16.376465634625685
485.7878,26.277,16.383670716985787
485.9765,26.267,16.390853268751925
486.1652,26.317,16.39803035683956
486.3583,26.287,16.4053720038626
486.5478,26.297,16.412579519456695
486.7372,26.277,16.419784601816797
486.9259,26.267,16.426967153582936
487.1149,26.257,16.43416386365833
487.305,26.237,16.441406596161094
487.4952,26.227,16.448657282345906
487.6856,26.217,16.45591836082962
487.875,26.207,16.463144058983136
488.0647,26.187,16.470385346153424
488.2537,26.257,16.47759303435417
488.4438,26.237,16.484835766856936
488.634,26.227,16.492086453041747
488.8244,26.217,16.499347531525462
489.0138,26.207,16.506573229678978
489.2035,26.187,16.513814516849266
489.3929,26.177,16.52104849439109
489.5822,26.166,16.528281553252828
489.7713,26.156,16.53550987021319
489.9602,26.146,16.5427333033515
490.1488,26.136,16.54994802352288
490.3382,26.177,16.55718905347719
490.5275,26.166,16.56442211233893
490.7166,26.156,16.571650429299293
490.9055,26.146,16.578873862437604
491.0941,26.136,16.586088582608983
491.2832,26.126,16.593325198123125
491.4721,26.116,16.600556927383106
491.6605,26.106,16.607772277235657
491.8518,26.076,16.615104307437644
492.0398,26.086,16.622312620002347
492.2309,26.056,16.629642603508927
492.42,26.126,16.63689031344722
492.6089,26.116,16.644122042707203
492.7973,26.106,16.651337392559753
492.9886,26.076,16.65866942276174
493.1766,26.086,16.665877735326443
493.3677,26.056,16.673207718833023
493.5588,26.046,16.68054332975007
493.7463,26.046,16.687742131869395
493.9369,26.016,16.69506417097661
494.124,26.026,16.702254517235403
494.314,25.996,16.7095591191346
494.505,26.046,16.71689934433732
494.6925,26.046,16.724098146456647
494.8831,26.016,16.731420185563866
495.0703,26.026,16.7386143748725
495.2602,25.996,16.745915132244384
495.4506,25.986,16.75324074495648
495.6374,25.986,16.760429231064382
495.824,25.976,16.767611402651312
496.0097,25.966,16.774761685659282
496.1961,25.956,16.78194168642967
496.382,25.946,16.78910518687281
496.5688,25.986,16.796299209825904
496.7554,25.976,16.803481381412833
496.9412,25.966,16.81063551486938
497.1276,25.956,16.817815515639765
497.3134,25.946,16.824975162666856
497.4992,25.936,16.832137569667356
497.6879,25.915,16.839416117814935
497.8732,25.905,16.846567796703393
498.0582,25.895,16.85371065384625
498.2436,25.875,16.86087310314121
498.4287,25.875,16.868026726329614
498.6145,25.936,16.87519894844461
498.8032,25.915,16.882477496592184
498.9885,25.905,16.889629175480643
499.1735,25.895,16.8967720326235
499.3589,25.875,16.90393448191846
499.544,25.875,16.911088105106863
499.7286,25.865,16.91822378349882
499.9131,25.855,16.925358354264482
500.0973,25.845,16.932484079602975
500.2816,25.835,16.939616432544153
500.4686,25.815,16.9468574780427
500.6532,25.865,16.954001440891
500.8377,25.855,16.96113601165666
501.0219,25.845,16.968261736995153
501.2063,25.835,16.97539795990537
501.3933,25.815,16.982639005403918
501.5771,25.815,16.989758896939847
501.7607,25.805,16.996872418830588
501.9443,25.795,17.003988697900354
502.129,25.775,17.01115177721003
502.3133,25.765,17.018303504024157
502.5007,25.735,17.02558117392707
502.6844,25.805,17.032709617854117
502.868,25.795,17.039825896923883
503.0526,25.775,17.046985098009785
503.2369,25.765,17.05413682482391
503.4243,25.735,17.061414494726822
503.6134,25.715,17.068765320771526
503.7994,25.715,17.075998453184514
503.9849,25.705,17.083213544588638
504.1702,25.694,17.09042380159753
504.3553,25.684,17.097629220259215
504.5444,25.715,17.104987340066995
504.7304,25.715,17.112220472479983
504.9159,25.705,17.119435563884107
505.1012,25.694,17.126645820892996
505.2863,25.684,17.13385123955468
505.4745,25.664,17.141181612694822
505.6626,25.644,17.14851380260673
505.8472,25.644,17.15571236757319
506.035,25.624,17.163038574954015
506.2193,25.634,17.17022964756707
506.4032,25.614,17.17740651300572
506.5913,25.644,17.18474585515719
506.7759,25.644,17.19194442012365
506.9636,25.624,17.19926672643558
507.148,25.634,17.206461700878595
507.3319,25.614,17.213638566317247
507.5155,25.604,17.220807920841047
507.6989,25.594,17.227972263198172
507.8824,25.584,17.235143313258746
508.0687,25.564,17.24242805557516
508.2525,25.564,17.249617853728815
508.4362,25.604,17.256798122646888
508.6195,25.594,17.26395855860142
508.803,25.584,17.27112960866199
508.9893,25.564,17.278414350978405
509.1732,25.564,17.285608060882957
509.3564,25.554,17.29277579044984
509.5396,25.544,17.299946325500137
509.7255,25.524,17.307226814260222
509.9092,25.514,17.314425372197444
510.0935,25.504,17.32165027321277
510.2777,25.494,17.32887408591131
510.4609,25.544,17.33605305060428
510.6467,25.524,17.343329623017535
510.8304,25.514,17.350528180954758
511.0147,25.504,17.357753081970085
511.1989,25.494,17.364976894668622
511.3831,25.484,17.372203541457434
511.5667,25.474,17.37940947575627
511.7536,25.443,17.386750835223637
511.9401,25.433,17.394082386446215
512.1235,25.443,17.401292072742308
512.3065,25.423,17.408487448828495
512.4907,25.484,17.415724174622586
512.6743,25.474,17.422930108921424
512.8612,25.443,17.430271468388796
513.0477,25.433,17.437603019611373
513.2311,25.443,17.444812705907466
513.4141,25.423,17.452008081993654
513.5969,25.413,17.459199835868862
513.7798,25.403,17.466398356019997
513.963,25.393,17.473611522411048
514.1472,25.363,17.4808697775927
514.3314,25.353,17.488133757401837
514.5141,25.413,17.49533148816652
514.697,25.403,17.502530008317656
514.8802,25.393,17.509743174708706
515.0644,25.363,17.51700142989036
515.2486,25.353,17.524265409699495
515.4326,25.343,17.53152436504114
515.6165,25.323,17.53878367108464
515.8006,25.313,17.54605517752275
515.9839,25.303,17.55329794660762
516.1671,25.293,17.560539625791748
516.3536,25.263,17.56791758290861
516.5375,25.323,17.575188369292196
516.7215,25.313,17.58245592597124
516.9048,25.303,17.589698695056114
517.0881,25.293,17.596944327121893
517.2745,25.263,17.604318328229574
517.4604,25.253,17.611678372571962
517.6464,25.232,17.619046897876505
517.8288,25.243,17.626274238143964
518.0108,25.222,17.633487157989403
518.1928,25.212,17.640704511362127
518.3787,25.253,17.64807199377568
518.5647,25.232,17.655440519080226
518.7471,25.243,17.662667859347685
518.9291,25.222,17.669880779193118
519.1111,25.212,17.677098132565842
519.2928,25.202,17.6843064477164
519.4743,25.192,17.69150968619717
519.6585,25.172,17.698824434827145
519.8393,25.172,17.70600701865044
520.0204,25.152,17.71320437975051
520.2011,25.142,17.72039012755343
520.3827,25.192,17.727605926019674
520.5669,25.172,17.73492067464965
520.7477,25.172,17.742103258472945
520.9288,25.152,17.749300619573017
521.1095,25.142,17.756486367375935
521.29,25.132,17.763667017413724
521.4707,25.122,17.770858484759607
521.6512,25.112,17.77804485255831
521.8314,25.092,17.785223563418004
522.0115,25.082,17.792402580438768
522.192,25.132,17.79959181053396
522.3727,25.122,17.806783277879845
522.5532,25.112,17.813969645678544
522.7334,25.092,17.821148356538238
522.9135,25.082,17.828327373559006
523.0931,25.072,17.835489314780048
523.2726,25.052,17.842651552430674
523.4551,25.032,17.849939308999637
523.6369,25.012,17.85720491526612
523.8157,25.012,17.864353483953153
523.9945,25.001,17.871503624916503
524.174,25.052,17.87867602217541
524.3564,25.032,17.885959785453103
524.5383,25.012,17.893229388202684
524.717,25.012,17.90037395880879
524.8959,25.001,17.90752809873241
525.0777,24.971,17.91480417333419
525.2594,24.961,17.92208207127539
525.4375,24.951,17.9292186316216
525.6152,24.941,17.936342018136468
525.7929,24.931,17.94346826131902
525.97,24.911,17.95057471772125
526.1518,24.971,17.95786392023919
526.3336,24.961,17.965145823627804
526.5116,24.951,17.9722783769216
526.6894,24.941,17.979405772095173
526.8671,24.931,17.986532015277724
527.0442,24.911,17.993638471679954
527.2212,24.901,18.000745192951932
527.3981,24.881,18.007852179412904
527.5782,24.861,18.015093544858605
527.7549,24.861,18.022201062657565
527.9341,24.831,18.02941349121749
528.1111,24.901,18.036531644519187
528.288,24.881,18.04363863098016
528.4681,24.861,18.05087999642586
528.6449,24.861,18.057991536589167
528.8241,24.831,18.0652039651491
529.0034,24.821,18.072426232127267
529.1842,24.791,18.07971479134681
529.3646,24.781,18.08699309361422
529.5414,24.781,18.094127591818484
529.7186,24.76,18.101281262515485
529.8954,24.75,18.10842325403235
530.0761,24.791,18.115718221836794
530.2565,24.781,18.122996524104202
530.4334,24.781,18.130135057658137
530.6105,24.76,18.137284691294923
530.7874,24.75,18.14443072239975
530.9638,24.73,18.151560875997163
531.1422,24.71,18.158777704476126
531.3204,24.69,18.16599227937491
531.4989,24.67,18.173224856360324
531.6772,24.65,18.180455188882625
531.8537,24.73,18.187603832058002
532.032,24.71,18.194816615229524
532.2102,24.69,18.202031190128306
532.3887,24.67,18.20926376711372
532.5671,24.65,18.216498154786063
532.7448,24.63,18.223710005435418
532.9222,24.61,18.23091552939967
533.1015,24.59,18.23820414728585
533.2803,24.57,18.245478353957942
533.4593,24.55,18.252766627573575
533.638,24.539,18.26004728108047
533.8154,24.61,18.267266146164193
533.9946,24.59,18.274550699009723
534.1735,24.57,18.281828974030063
534.3524,24.55,18.28911317598446
534.5311,24.539,18.296393829491358
534.7096,24.519,18.303670930066186
534.888,24.499,18.310949888816033
535.0688,24.469,18.31833430312742
535.2463,24.469,18.32558837971412
535.4268,24.439,18.332969585242864
535.6054,24.519,18.3402656349181
535.7837,24.499,18.347540513534117
535.9645,24.469,18.35492492784551
536.142,24.469,18.36217900443221
536.3226,24.439,18.3695642992715
536.4996,24.439,18.376806821469625
536.6763,24.419,18.3840400279046
536.8527,24.409,18.391265390401532
537.0294,24.389,18.3985074904876
537.2056,24.359,18.405736505011273
537.3814,24.349,18.412955031741994
537.558,24.419,18.420197485810235
537.7344,24.409,18.427422848307167
537.9111,24.389,18.434664948393234
538.0873,24.359,18.441893962916907
538.2631,24.349,18.44911248964763
538.4385,24.329,18.456319030590148
538.613,24.309,18.4634944901074
538.7879,24.288,18.47069246529105
538.9653,24.248,18.478002503201054
539.1413,24.238,18.485262330780152
539.3167,24.329,18.492485342290024
539.4913,24.309,18.49966491381846
539.6661,24.288,18.506858773521735
539.8435,24.248,18.514168811431738
540.0196,24.238,18.521432763912866
540.1952,24.218,18.528680576361275
540.3707,24.188,18.535931743571954
540.546,24.168,18.543182136491136
540.7209,24.148,18.550421974226047
540.8957,24.128,18.55766366782121
541.0697,24.108,18.564878196389085
541.2451,24.188,18.572141737883204
541.4204,24.168,18.579392130802386
541.5954,24.148,18.586636107952817
541.7702,24.128,18.59387780154798
541.9442,24.108,18.601092330115854
542.1182,24.088,18.608312846341267
542.2951,24.047,18.615663007346775
542.4684,24.047,18.622869727519767
542.6414,24.027,18.630066965111812
542.8169,23.997,18.637375810689026
