Energy_Wh,raw_voltage_mean,isotonic_voltage
0.0,33.066,33.066
0.241714,32.996,32.996
0.48254,32.956,32.976000000000006
0.717353,32.946,32.976000000000006
0.956406,32.916,32.976000000000006
1.198633,33.066,32.976000000000006
1.440347,32.996,32.976000000000006
1.681173,32.956,32.956
1.915986,32.946,32.946
2.155039,32.916,32.916
2.390083,32.895,32.895
2.627578,32.865,32.865
2.864856,32.835,32.835
3.101689,32.815,32.817
3.338679,32.795,32.817
3.574932,32.775,32.817
3.812427,32.865,32.817
4.049706,32.835,32.817
4.286539,32.815,32.815
4.523528,32.795,32.795
4.759781,32.775,32.775
4.99589,32.755,32.755
5.231336,32.745,32.745
5.471509,32.705,32.7168
5.706667,32.705,32.7168
5.946022,32.674,32.7168
6.182131,32.755,32.7168
6.417577,32.745,32.7168
6.65775,32.705,32.705
6.892908,32.705,32.705
7.132263,32.674,32.674
7.366907,32.674,32.674
7.606043,32.644,32.649
7.840834,32.654,32.649
8.075482,32.634,32.634
8.309397,32.614,32.629999999999995
8.543539,32.604,32.629999999999995
8.782674,32.644,32.629999999999995
9.017465,32.654,32.629999999999995
9.252113,32.634,32.629999999999995
9.486028,32.614,32.614
9.72017,32.604,32.604
9.954312,32.604,32.604
10.1886,32.584,32.584
10.42421,32.564,32.57
10.65828,32.554,32.57
10.89228,32.544,32.57
11.12642,32.604,32.57
11.36071,32.584,32.57
11.59632,32.564,32.564
11.83039,32.554,32.554
12.06439,32.544,32.544
12.29832,32.534,32.534
12.53189,32.524,32.524
12.76539,32.514,32.514
12.9991,32.504,32.504000000000005
13.23274,32.494,32.504000000000005
13.46602,32.484,32.504000000000005
13.69959,32.524,32.504000000000005
13.93308,32.514,32.504000000000005
14.1668,32.504,32.504
14.40044,32.494,32.494
14.63372,32.484,32.484
14.87087,32.454,32.459
15.10371,32.464,32.459
15.33648,32.454,32.454
15.57312,32.423,32.4456
15.80574,32.433,32.4456
16.0429,32.454,32.4456
16.27574,32.464,32.4456
16.5085,32.454,32.4456
16.74515,32.423,32.428
16.97776,32.433,32.428
17.21031,32.423,32.423
17.4422,32.413,32.413
17.6746,32.403,32.403
17.91205,32.373,32.388999999999996
18.14519,32.383,32.388999999999996
18.37796,32.373,32.388999999999996
18.60984,32.413,32.388999999999996
18.84225,32.403,32.388999999999996
19.07969,32.373,32.378
19.31283,32.383,32.378
19.5456,32.373,32.373
19.7783,32.363,32.363
20.01123,32.353,32.353
20.24378,32.343,32.34300000000001
20.47598,32.333,32.34300000000001
20.70897,32.323,32.34300000000001
20.94167,32.363,32.34300000000001
21.17459,32.353,32.34300000000001
21.40715,32.343,32.34300000000001
21.63934,32.333,32.333
21.87234,32.323,32.323
22.10498,32.313,32.313
22.33724,32.303,32.303
22.56915,32.293,32.293
22.80128,32.283,32.287
23.03311,32.283,32.287
23.26458,32.273,32.287
23.49685,32.303,32.287
23.72876,32.293,32.287
23.96088,32.283,32.283
24.19272,32.283,32.283
24.42419,32.273,32.273
24.65588,32.263,32.263
24.88728,32.263,32.263
25.1189,32.253,32.253
25.35045,32.243,32.251
25.58134,32.233,32.251
25.81304,32.263,32.251
26.04443,32.263,32.251
26.27606,32.253,32.251
26.50761,32.243,32.243
26.7385,32.233,32.233
26.96933,32.223,32.223
27.20015,32.223,32.223
27.43453,32.192,32.1982
27.6652,32.202,32.1982
27.89551,32.192,32.1982
28.12604,32.182,32.1982
28.35686,32.223,32.1982
28.59124,32.192,32.197
28.82191,32.202,32.197
29.05222,32.192,32.192
29.28275,32.182,32.182
29.51291,32.172,32.172
29.74337,32.172,32.172
29.97318,32.162,32.162
30.20747,32.142,32.160000000000004
30.43749,32.152,32.160000000000004
30.66766,32.172,32.160000000000004
30.89812,32.172,32.160000000000004
31.12792,32.162,32.160000000000004
31.36222,32.142,32.147000000000006
31.59224,32.152,32.147000000000006
31.82219,32.142,32.142
32.05156,32.142,32.142
32.28108,32.122,32.122
32.51031,32.122,32.122
32.73976,32.112,32.122
32.96862,32.112,32.122
33.19799,32.142,32.122
33.42751,32.122,32.122
33.65674,32.122,32.122
33.88619,32.112,32.112
34.11506,32.112,32.112
34.34444,32.102,32.102
34.57345,32.092,32.092
34.80304,32.092,32.092
35.03589,32.062,32.084
35.26476,32.072,32.084
35.49414,32.102,32.084
35.72315,32.092,32.084
35.95274,32.092,32.084
36.18559,32.062,32.067
36.41446,32.072,32.067
36.64326,32.062,32.062
36.87625,32.042,32.047
37.1044,32.052,32.047
37.33392,32.042,32.042
37.56511,32.032,32.038
37.79651,32.022,32.038
38.0295,32.042,32.038
38.25765,32.052,32.038
38.48717,32.042,32.038
38.71836,32.032,32.032
38.94976,32.022,32.022
39.17972,32.022,32.022
39.4138,31.992,31.998666666666672
39.6439,32.002,31.998666666666672
39.87372,32.002,31.998666666666672
40.10375,31.992,31.998666666666672
40.33515,31.982,31.998666666666672
40.56511,32.022,31.998666666666672
40.79919,31.992,31.998666666666672
41.02929,32.002,31.998666666666672
41.25911,32.002,31.998666666666672
41.48914,31.992,31.992
41.72054,31.982,31.982
41.95128,31.971,31.971
42.18058,31.971,31.971
42.41378,31.951,31.958999999999996
42.64719,31.941,31.958999999999996
42.87614,31.961,31.958999999999996
43.10688,31.971,31.958999999999996
43.33618,31.971,31.958999999999996
43.56938,31.951,31.951000000000004
43.80279,31.941,31.951000000000004
44.03174,31.961,31.951000000000004
44.26313,31.941,31.941
44.49309,31.941,31.941
44.72218,31.941,31.941
44.95119,31.931,31.931
45.18101,31.921,31.929000000000002
45.41103,31.911,31.929000000000002
45.64099,31.941,31.929000000000002
45.87008,31.941,31.929000000000002
46.09909,31.931,31.929000000000002
46.32891,31.921,31.921
46.55893,31.911,31.911
46.78896,31.911,31.911
47.02287,31.891,31.896
47.25311,31.901,31.896
47.48327,31.891,31.895
47.7128,31.881,31.895
47.94282,31.911,31.895
48.17673,31.891,31.895
48.40697,31.901,31.895
48.63713,31.891,31.891
48.86666,31.881,31.881
49.09618,31.881,31.881
49.32535,31.871,31.871
49.55451,31.871,31.871
49.78417,31.861,31.861
50.01355,31.861,31.861
50.24623,31.841,31.861
50.47539,31.871,31.861
50.70455,31.871,31.861
50.93422,31.861,31.861
51.1636,31.861,31.861
51.39628,31.841,31.846
51.62472,31.851,31.846
51.85338,31.841,31.841
52.08226,31.831,31.833
52.31307,31.821,31.833
52.54244,31.821,31.833
52.77088,31.851,31.833
52.99955,31.841,31.833
53.22842,31.831,31.831
53.45923,31.821,31.821
53.68861,31.821,31.821
53.92078,31.811,31.811
54.15001,31.801,31.801
54.3829,31.791,31.791
54.61571,31.781,31.790999999999997
54.84459,31.791,31.790999999999997
55.07347,31.791,31.790999999999997
55.3027,31.801,31.790999999999997
55.53559,31.791,31.790999999999997
55.7684,31.781,31.787666666666667
55.99728,31.791,31.787666666666667
56.22616,31.791,31.787666666666667
56.45496,31.781,31.781
56.68433,31.781,31.781
56.91277,31.771,31.771
57.14144,31.761,31.770999999999997
57.36981,31.761,31.770999999999997
57.59861,31.781,31.770999999999997
57.82798,31.781,31.770999999999997
58.05642,31.771,31.770999999999997
58.28509,31.761,31.761
58.51346,31.761,31.761
58.7424,31.761,31.761
58.97099,31.751,31.751
59.1995,31.74,31.74
59.42801,31.74,31.74
59.65616,31.73,31.7382
59.88431,31.73,31.7382
60.1129,31.751,31.7382
60.34141,31.74,31.7382
60.56992,31.74,31.7382
60.79806,31.73,31.73
61.02621,31.73,31.73
61.2585,31.71,31.715
61.48658,31.72,31.715
61.71458,31.71,31.71
61.94394,31.7,31.708
62.17302,31.7,31.708
62.40531,31.71,31.708
62.63339,31.72,31.708
62.86139,31.71,31.708
63.09075,31.7,31.7
63.31983,31.7,31.7
63.54854,31.69,31.69
63.7814,31.67,31.673333333333336
64.01427,31.67,31.673333333333336
64.24263,31.68,31.673333333333336
64.47034,31.67,31.672000000000004
64.69863,31.67,31.672000000000004
64.93149,31.67,31.672000000000004
65.16435,31.67,31.672000000000004
65.39271,31.68,31.672000000000004
65.62043,31.67,31.67
65.84872,31.67,31.67
66.07693,31.66,31.66
66.30515,31.66,31.66
66.53301,31.65,31.654000000000003
66.76116,31.65,31.654000000000003
66.9893,31.65,31.654000000000003
67.21752,31.66,31.654000000000003
67.44573,31.66,31.654000000000003
67.67359,31.65,31.649999999999995
67.90174,31.65,31.649999999999995
68.12988,31.65,31.649999999999995
68.35795,31.64,31.64
68.58673,31.62,31.626666666666665
68.81445,31.63,31.626666666666665
69.04245,31.63,31.626666666666665
69.26981,31.62,31.624000000000002
69.49745,31.62,31.624000000000002
69.72623,31.62,31.624000000000002
69.95395,31.63,31.624000000000002
70.18195,31.63,31.624000000000002
70.40931,31.62,31.62
70.63695,31.62,31.62
70.86488,31.62,31.62
71.09274,31.61,31.61
71.31995,31.6,31.605999999999995
71.54716,31.6,31.605999999999995
71.77409,31.6,31.605999999999995
72.00202,31.62,31.605999999999995
72.22988,31.61,31.605999999999995
72.45709,31.6,31.600000000000005
72.6843,31.6,31.600000000000005
72.91123,31.6,31.600000000000005
73.13809,31.59,31.59
73.36467,31.59,31.59
73.59153,31.59,31.59
73.81831,31.58,31.58
74.04673,31.57,31.577499999999997
74.27515,31.57,31.577499999999997
74.50172,31.59,31.577499999999997
74.72851,31.58,31.577499999999997
74.95693,31.57,31.57
75.18534,31.57,31.57
75.41646,31.55,31.55666666666667
75.64396,31.56,31.55666666666667
75.87088,31.56,31.55666666666667
76.09831,31.55,31.554000000000002
76.32573,31.55,31.554000000000002
76.55287,31.55,31.554000000000002
76.78037,31.56,31.554000000000002
77.00729,31.56,31.554000000000002
77.23472,31.55,31.55
77.46214,31.55,31.55
77.68928,31.55,31.55
77.91635,31.54,31.54
78.14342,31.54,31.54
78.37461,31.52,31.528333333333332
78.60161,31.53,31.528333333333332
78.82854,31.52,31.528333333333332
79.05631,31.52,31.528333333333332
79.28338,31.54,31.528333333333332
79.51045,31.54,31.528333333333332
79.74165,31.52,31.525
79.96864,31.53,31.525
80.19557,31.52,31.52
80.42335,31.52,31.52
80.65438,31.499,31.505666666666666
80.88123,31.509,31.505666666666666
81.10836,31.509,31.505666666666666
81.33513,31.499,31.500999999999998
81.56212,31.489,31.500999999999998
81.79315,31.499,31.500999999999998
82.02,31.509,31.500999999999998
82.24713,31.509,31.500999999999998
82.4739,31.499,31.499
82.70089,31.489,31.489
82.92759,31.489,31.489
83.154,31.489,31.489
83.38035,31.479,31.479
83.60698,31.479,31.478999999999996
83.83382,31.469,31.478999999999996
84.06038,31.469,31.478999999999996
84.28708,31.489,31.478999999999996
84.51349,31.489,31.478999999999996
84.73984,31.479,31.478999999999996
84.96647,31.479,31.478999999999996
85.19331,31.469,31.469
85.41987,31.469,31.469
85.64606,31.459,31.459
85.87226,31.459,31.459
86.10229,31.439,31.446999999999996
86.3326,31.439,31.446999999999996
86.55866,31.439,31.446999999999996
86.78485,31.459,31.446999999999996
87.01105,31.459,31.446999999999996
87.24108,31.439,31.439
87.47139,31.439,31.439
87.69745,31.439,31.439
87.92322,31.439,31.439
88.14871,31.439,31.439
88.37498,31.429,31.429
88.60096,31.429,31.429
88.8266,31.419,31.429
89.05223,31.419,31.429
89.278,31.439,31.429
89.50349,31.439,31.429
89.72976,31.429,31.429
89.95575,31.429,31.429
90.18138,31.419,31.419
90.40701,31.419,31.419
90.63264,31.419,31.419
90.85848,31.409,31.409
91.08404,31.409,31.409
91.30924,31.399,31.407
91.53501,31.399,31.407
91.76064,31.419,31.407
91.98648,31.409,31.407
92.21204,31.409,31.407
92.43724,31.399,31.399
92.66301,31.399,31.399
92.88843,31.389,31.389
93.11355,31.389,31.389
93.33897,31.389,31.389
93.56849,31.369,31.382333333333335
93.79354,31.379,31.382333333333335
94.0186,31.379,31.382333333333335
94.24402,31.389,31.382333333333335
94.46915,31.389,31.382333333333335
94.69456,31.389,31.382333333333335
94.92408,31.369,31.37566666666667
95.14914,31.379,31.37566666666667
95.37419,31.379,31.37566666666667
95.5989,31.369,31.369
95.82361,31.369,31.369
96.04824,31.359,31.363000000000007
96.27288,31.359,31.363000000000007
96.49779,31.359,31.363000000000007
96.7225,31.369,31.363000000000007
96.94721,31.369,31.363000000000007
97.17184,31.359,31.358999999999998
97.39647,31.359,31.358999999999998
97.62139,31.359,31.358999999999998
97.84623,31.349,31.349
98.07411,31.339,31.339
98.30277,31.329,31.337333333333333
98.52754,31.339,31.337333333333333
98.75203,31.339,31.337333333333333
98.97645,31.329,31.337333333333333
99.20129,31.349,31.337333333333333
99.42917,31.339,31.337333333333333
99.65783,31.329,31.33566666666667
99.8826,31.339,31.33566666666667
100.1071,31.339,31.33566666666667
100.3315,31.329,31.329
100.5556,31.329,31.329
100.78,31.319,31.319
101.0079,31.309,31.317
101.2323,31.319,31.317
101.4563,31.309,31.317
101.6804,31.329,31.317
101.9048,31.319,31.317
102.1327,31.309,31.314
102.3571,31.319,31.314
102.581,31.309,31.309
102.805,31.309,31.309
103.0293,31.309,31.309
103.2571,31.289,31.29733333333333
103.481,31.299,31.29733333333333
103.7063,31.289,31.29733333333333
103.9313,31.289,31.29733333333333
104.1553,31.309,31.29733333333333
104.3795,31.309,31.29733333333333
104.6073,31.289,31.294
104.8313,31.299,31.294
105.0565,31.289,31.289
105.2815,31.289,31.289
105.5103,31.268,31.27133333333333
105.739,31.268,31.27133333333333
105.9637,31.278,31.27133333333333
106.1882,31.268,31.268
106.4169,31.258,31.267999999999994
106.6457,31.268,31.267999999999994
106.8745,31.268,31.267999999999994
107.0991,31.278,31.267999999999994
107.3236,31.268,31.267999999999994
107.5523,31.258,31.262999999999998
107.7769,31.268,31.262999999999998
108.0016,31.258,31.258
108.2261,31.258,31.258
108.4509,31.258,31.258
108.6747,31.248,31.256333333333334
108.8988,31.248,31.256333333333334
109.1234,31.268,31.256333333333334
109.3481,31.258,31.256333333333334
109.5726,31.258,31.256333333333334
109.7974,31.258,31.256333333333334
110.0212,31.248,31.248
110.2453,31.248,31.248
110.4735,31.228,31.23466666666667
110.6976,31.238,31.23466666666667
110.9216,31.238,31.23466666666667
111.1453,31.228,31.228000000000005
111.3731,31.208,31.228000000000005
111.5973,31.228,31.228000000000005
111.8255,31.228,31.228000000000005
112.0496,31.238,31.228000000000005
112.2736,31.238,31.228000000000005
112.4973,31.228,31.228
112.7251,31.208,31.218
112.9494,31.228,31.218
113.1733,31.218,31.218
113.401,31.198,31.21
113.6249,31.218,31.21
113.8484,31.208,31.21
114.0717,31.208,31.21
114.2956,31.218,31.21
114.5233,31.198,31.208
114.7472,31.218,31.208
114.9708,31.208,31.208
115.194,31.208,31.208
115.4175,31.198,31.198
115.641,31.198,31.198
115.8638,31.188,31.191333333333333
116.0872,31.188,31.191333333333333
116.3107,31.188,31.191333333333333
116.5341,31.188,31.191333333333333
116.7575,31.198,31.191333333333333
116.981,31.198,31.191333333333333
117.2039,31.188,31.188
117.4273,31.188,31.188
117.6507,31.188,31.188
117.8741,31.188,31.188
118.098,31.178,31.178
118.3227,31.168,31.168
118.5476,31.168,31.168
118.7723,31.168,31.167999999999996
118.9969,31.158,31.167999999999996
119.2208,31.178,31.167999999999996
119.4455,31.168,31.167999999999996
119.6704,31.168,31.167999999999996
119.8951,31.168,31.167999999999996
120.1197,31.158,31.158
120.3437,31.158,31.158
120.5718,31.138,31.143
120.7996,31.138,31.143
121.0239,31.148,31.143
121.2483,31.138,31.143
121.472,31.138,31.143
121.696,31.158,31.143
121.9241,31.138,31.141333333333336
122.1519,31.138,31.141333333333336
122.3762,31.148,31.141333333333336
122.6006,31.138,31.138
122.8242,31.138,31.138
123.0525,31.128,31.128
123.2764,31.128,31.128
123.5005,31.128,31.128
123.7245,31.118,31.123
123.9485,31.118,31.123
124.1726,31.118,31.123
124.4009,31.128,31.123
124.6247,31.128,31.123
124.8488,31.128,31.123
125.0728,31.118,31.118
125.2969,31.118,31.118
125.5209,31.118,31.118
125.7446,31.108,31.108
125.9677,31.108,31.108
126.1913,31.098,31.098000000000003
126.4146,31.098,31.098000000000003
126.6423,31.078,31.098000000000003
126.866,31.108,31.098000000000003
127.0891,31.108,31.098000000000003
127.3127,31.098,31.098
127.536,31.098,31.098
127.7637,31.078,31.084666666666667
127.9872,31.088,31.084666666666667
128.2107,31.088,31.084666666666667
128.4378,31.068,31.079666666666668
128.6609,31.078,31.079666666666668
128.8841,31.078,31.079666666666668
129.107,31.078,31.079666666666668
129.3306,31.088,31.079666666666668
129.5541,31.088,31.079666666666668
129.7811,31.068,31.075499999999998
130.0043,31.078,31.075499999999998
130.2275,31.078,31.075499999999998
130.4504,31.078,31.075499999999998
130.6745,31.058,31.058
130.8992,31.058,31.058
131.1236,31.047,31.0514
131.3474,31.047,31.0514
131.5712,31.047,31.0514
131.7954,31.058,31.0514
132.0201,31.058,31.0514
132.2444,31.047,31.047
132.4682,31.047,31.047
132.692,31.047,31.047
132.916,31.037,31.037
133.1403,31.037,31.037
133.3642,31.027,31.027
133.5882,31.027,31.027
133.8115,31.027,31.027
134.039,31.007,31.027
134.263,31.037,31.027
134.4873,31.037,31.027
134.7112,31.027,31.027
134.9351,31.027,31.027
135.1585,31.027,31.027
135.3859,31.007,31.012
135.6095,31.017,31.012
135.8368,30.997,31.000999999999998
136.0639,30.997,31.000999999999998
136.2872,31.007,31.000999999999998
136.5144,30.987,31.000999999999998
136.738,31.017,31.000999999999998
136.9654,30.997,31.000333333333334
137.1924,30.997,31.000333333333334
137.4157,31.007,31.000333333333334
137.643,30.987,30.991999999999997
137.8667,30.997,30.991999999999997
138.0939,30.977,30.983666666666664
138.3172,30.987,30.983666666666664
138.5403,30.987,30.983666666666664
138.7675,30.977,30.982
138.9944,30.967,30.982
139.2181,30.997,30.982
139.4453,30.977,30.982
139.6687,30.987,30.982
139.8918,30.987,30.982
140.119,30.977,30.977
140.3458,30.967,30.973666666666663
140.5688,30.977,30.973666666666663
140.7919,30.977,30.973666666666663
141.0145,30.967,30.966999999999995
141.2377,30.967,30.966999999999995
141.4647,30.947,30.966999999999995
141.6877,30.977,30.966999999999995
141.9108,30.977,30.966999999999995
142.1334,30.967,30.966999999999995
142.3566,30.967,30.966999999999995
142.5836,30.947,30.947
142.8106,30.947,30.947
143.0372,30.937,30.942
143.2598,30.947,30.942
143.486,30.927,30.94033333333333
143.7088,30.947,30.94033333333333
143.9316,30.937,30.94033333333333
144.1586,30.947,30.94033333333333
144.3852,30.937,30.94033333333333
144.6077,30.947,30.94033333333333
144.834,30.927,30.937
145.0568,30.947,30.937
145.2795,30.937,30.937
145.5017,30.937,30.937
145.7241,30.937,30.937
145.9468,30.927,30.928999999999995
146.1695,30.927,30.928999999999995
146.392,30.917,30.928999999999995
146.6142,30.937,30.928999999999995
146.8367,30.937,30.928999999999995
147.0593,30.927,30.927
147.282,30.927,30.927
147.5046,30.917,30.917
147.731,30.907,30.912
147.9533,30.917,30.912
148.1755,30.907,30.907
148.3975,30.907,30.907
148.6196,30.897,30.90533333333333
148.8415,30.897,30.90533333333333
149.0679,30.907,30.90533333333333
149.2902,30.917,30.90533333333333
149.5124,30.907,30.90533333333333
149.7344,30.907,30.90533333333333
149.9565,30.897,30.897
150.1784,30.897,30.897
150.4002,30.887,30.887
150.6223,30.887,30.887
150.8444,30.887,30.887
151.0664,30.877,30.883
151.2884,30.877,30.883
151.5103,30.887,30.883
151.7323,30.887,30.883
151.9544,30.887,30.883
152.1764,30.877,30.877
152.3985,30.877,30.877
152.6201,30.867,30.867
152.8459,30.857,30.862000000000002
153.0676,30.867,30.862000000000002
153.2889,30.857,30.858666666666664
153.5105,30.857,30.858666666666664
153.732,30.847,30.858666666666664
153.9537,30.867,30.858666666666664
154.1794,30.857,30.858666666666664
154.4011,30.867,30.858666666666664
154.6224,30.857,30.857
154.844,30.857,30.857
155.0655,30.847,30.847
155.2868,30.847,30.847
155.5079,30.837,30.837
155.7294,30.837,30.837
155.9543,30.816,30.832800000000002
156.1754,30.827,30.832800000000002
156.3967,30.847,30.832800000000002
156.6178,30.837,30.832800000000002
156.8393,30.837,30.832800000000002
157.0642,30.816,30.823333333333334
157.2853,30.827,30.823333333333334
157.5067,30.827,30.823333333333334
157.728,30.816,30.816
157.9498,30.806,30.807833333333335
158.1737,30.796,30.807833333333335
158.3971,30.796,30.807833333333335
158.6183,30.806,30.807833333333335
158.8397,30.827,30.807833333333335
159.061,30.816,30.807833333333335
159.2828,30.806,30.806
159.5067,30.796,30.799333333333333
159.7301,30.796,30.799333333333333
159.9513,30.806,30.799333333333333
160.1758,30.796,30.796
160.401,30.776,30.781
160.6218,30.786,30.781
160.8466,30.766,30.776
161.067,30.776,30.776
161.2915,30.756,30.776
161.516,30.796,30.776
161.7412,30.776,30.776
161.962,30.786,30.776
162.1868,30.766,30.771
162.4073,30.776,30.771
162.6317,30.756,30.7635
162.8527,30.766,30.7635
163.0733,30.766,30.7635
163.2943,30.766,30.7635
163.5184,30.746,30.76
163.7387,30.756,30.76
163.9597,30.766,30.76
164.1803,30.766,30.76
164.4013,30.766,30.76
164.6254,30.746,30.750999999999998
164.8457,30.756,30.750999999999998
165.07,30.736,30.741
165.2903,30.746,30.741
165.5105,30.736,30.736
165.7306,30.736,30.736
165.9505,30.736,30.736
166.1714,30.716,30.734333333333336
166.3957,30.736,30.734333333333336
166.6159,30.746,30.734333333333336
166.8361,30.736,30.734333333333336
167.0563,30.736,30.734333333333336
167.2762,30.736,30.734333333333336
167.497,30.716,30.721
167.7169,30.726,30.721
167.9369,30.716,30.716
168.1569,30.716,30.716
168.3766,30.706,30.714
168.5968,30.706,30.714
168.8166,30.726,30.714
169.0367,30.716,30.714
169.2567,30.716,30.714
169.4764,30.706,30.706
169.6966,30.706,30.706
169.9211,30.686,30.691000000000003
170.1416,30.696,30.691000000000003
170.3622,30.686,30.686
170.5866,30.666,30.679333333333336
170.8107,30.666,30.679333333333336
171.031,30.676,30.679333333333336
171.2555,30.686,30.679333333333336
171.4759,30.696,30.679333333333336
171.6966,30.686,30.679333333333336
171.9209,30.666,30.66933333333333
172.145,30.666,30.66933333333333
172.3653,30.676,30.66933333333333
172.5856,30.666,30.666
172.806,30.666,30.666
173.0305,30.646,30.652666666666665
173.2529,30.656,30.652666666666665
173.4771,30.636,30.652666666666665
173.6969,30.646,30.652666666666665
173.9171,30.666,30.652666666666665
174.1376,30.666,30.652666666666665
174.3621,30.646,30.651
174.5844,30.656,30.651
174.8086,30.636,30.6435
175.0284,30.646,30.6435
175.2487,30.646,30.6435
175.4691,30.646,30.6435
175.6886,30.636,30.637999999999998
175.9086,30.636,30.637999999999998
176.1282,30.626,30.637999999999998
176.3486,30.646,30.637999999999998
176.5689,30.646,30.637999999999998
176.7884,30.636,30.636
177.0084,30.636,30.636
177.228,30.626,30.626
177.448,30.626,30.626
177.6684,30.616,30.616
177.8887,30.606,30.607666666666663
178.1094,30.606,30.607666666666663
178.3302,30.596,30.607666666666663
178.5502,30.596,30.607666666666663
178.7701,30.626,30.607666666666663
178.9905,30.616,30.607666666666663
179.2109,30.606,30.606
179.4315,30.606,30.606
179.6523,30.596,30.596
179.8723,30.596,30.596
180.0942,30.585,30.585
180.3154,30.575,30.575
180.5363,30.575,30.575
180.7577,30.565,30.573
180.9792,30.565,30.573
181.201,30.585,30.573
181.4222,30.575,30.573
181.6432,30.575,30.573
181.8646,30.565,30.565
182.086,30.565,30.565
182.3071,30.555,30.555
182.5282,30.555,30.555
182.7489,30.545,30.545
182.9739,30.525,30.541666666666668
183.1951,30.535,30.541666666666668
183.4158,30.535,30.541666666666668
183.6368,30.555,30.541666666666668
183.8579,30.555,30.541666666666668
184.0786,30.545,30.541666666666668
184.3036,30.525,30.5325
184.5249,30.535,30.5325
184.7455,30.535,30.5325
184.9664,30.535,30.5325
185.187,30.525,30.525
185.4078,30.515,30.520999999999997
185.628,30.515,30.520999999999997
185.8488,30.515,30.520999999999997
186.0698,30.535,30.520999999999997
186.2903,30.525,30.520999999999997
186.5111,30.515,30.515
186.7314,30.515,30.515
186.9521,30.515,30.515
187.1726,30.505,30.505
187.3927,30.505,30.505
187.6131,30.495,30.495
187.8335,30.495,30.495
188.0538,30.485,30.495
188.2738,30.485,30.495
188.4942,30.505,30.495
188.7144,30.505,30.495
188.9348,30.495,30.495
189.1551,30.495,30.495
189.3754,30.485,30.485
189.5955,30.485,30.485
189.8154,30.475,30.475
190.0356,30.475,30.475
190.2555,30.465,30.467000000000002
190.4754,30.465,30.467000000000002
190.6952,30.455,30.467000000000002
190.9151,30.475,30.467000000000002
191.1353,30.475,30.467000000000002
191.3552,30.465,30.465
191.5751,30.465,30.465
191.7949,30.455,30.455
192.0146,30.445,30.445
192.2381,30.435,30.439999999999998
192.4573,30.445,30.439999999999998
192.6764,30.435,30.435
192.8995,30.415,30.433333333333334
193.1185,30.425,30.433333333333334
193.3383,30.445,30.433333333333334
193.5618,30.435,30.433333333333334
193.781,30.445,30.433333333333334
194.0001,30.435,30.433333333333334
194.2232,30.415,30.42
194.4422,30.425,30.42
194.6612,30.415,30.415
194.8801,30.415,30.415
195.0988,30.405,30.407
195.3177,30.405,30.407
195.5362,30.395,30.407
195.7552,30.415,30.407
195.9742,30.415,30.407
196.1928,30.405,30.405
196.4117,30.405,30.405
196.6302,30.395,30.395
196.8488,30.395,30.395
197.0713,30.375,30.375
197.2935,30.365,30.375
197.5119,30.375,30.375
197.73,30.375,30.375
197.9481,30.365,30.375
198.1666,30.395,30.375
198.3891,30.375,30.375
198.6113,30.365,30.371666666666666
198.8297,30.375,30.371666666666666
199.0478,30.375,30.371666666666666
199.2659,30.365,30.365
199.4836,30.355,30.355
199.7016,30.355,30.355
199.9238,30.334,30.3404
200.1417,30.334,30.3404
200.3608,30.324,30.3404
200.5785,30.355,30.3404
200.7965,30.355,30.3404
201.0187,30.334,30.334
201.2365,30.334,30.334
201.4557,30.324,30.327333333333332
201.6773,30.324,30.327333333333332
201.8951,30.334,30.327333333333332
202.1126,30.324,30.324
202.334,30.304,30.31566666666667
202.5519,30.304,30.31566666666667
202.7693,30.304,30.31566666666667
202.9909,30.324,30.31566666666667
203.2087,30.334,30.31566666666667
203.4262,30.324,30.31566666666667
203.6477,30.304,30.304
203.8656,30.304,30.304
204.0829,30.304,30.304
204.3,30.304,30.304
204.521,30.284,30.290666666666667
204.7383,30.294,30.290666666666667
204.9556,30.294,30.290666666666667
205.1765,30.274,30.287333333333333
205.3934,30.274,30.287333333333333
205.6105,30.304,30.287333333333333
205.8315,30.284,30.287333333333333
206.0488,30.294,30.287333333333333
206.266,30.294,30.287333333333333
206.487,30.274,30.274
206.7039,30.274,30.274
206.9207,30.274,30.274
207.1378,30.264,30.264
207.3545,30.254,30.258000000000003
207.5712,30.254,30.258000000000003
207.7879,30.244,30.258000000000003
208.0047,30.274,30.258000000000003
208.2218,30.264,30.258000000000003
208.4385,30.254,30.254
208.6552,30.254,30.254
208.8719,30.244,30.244
209.0883,30.244,30.244
209.3088,30.224,30.224
209.531,30.214,30.222333333333335
209.7489,30.224,30.222333333333335
209.9664,30.214,30.222333333333335
210.1839,30.214,30.222333333333335
210.4003,30.244,30.222333333333335
210.6209,30.224,30.222333333333335
210.843,30.214,30.219
211.0609,30.224,30.219
211.2784,30.214,30.214
211.4959,30.214,30.214
211.7174,30.194,30.198999999999998
211.9349,30.204,30.198999999999998
212.1517,30.194,30.194
212.3688,30.194,30.194
212.5877,30.184,30.194
212.8092,30.194,30.194
213.0267,30.204,30.194
213.2435,30.194,30.194
213.4606,30.194,30.194
213.6795,30.184,30.184
213.8978,30.174,30.174
214.1158,30.164,30.164
214.3338,30.164,30.164
214.552,30.154,30.159000000000002
214.7699,30.154,30.159000000000002
214.9877,30.144,30.159000000000002
215.206,30.174,30.159000000000002
215.424,30.164,30.159000000000002
215.642,30.164,30.159000000000002
215.8601,30.154,30.154
216.0781,30.154,30.154
216.2959,30.144,30.144
216.5139,30.134,30.134
216.7319,30.134,30.134
216.95,30.134,30.134
217.1679,30.124,30.1278
217.3855,30.113,30.1278
217.6036,30.134,30.1278
217.8216,30.134,30.1278
218.0396,30.134,30.1278
218.2576,30.124,30.124
218.4752,30.113,30.113
218.6931,30.113,30.113
218.9106,30.103,30.103
219.1284,30.103,30.103
219.3461,30.093,30.096333333333334
219.5635,30.083,30.096333333333334
219.7812,30.083,30.096333333333334
219.9991,30.113,30.096333333333334
220.2166,30.103,30.096333333333334
220.4344,30.103,30.096333333333334
220.6521,30.093,30.093
220.8695,30.083,30.083
221.0872,30.083,30.083
221.3082,30.063,30.067999999999998
221.5255,30.073,30.067999999999998
221.743,30.053,30.057
221.9636,30.043,30.057
222.1808,30.053,30.057
222.4018,30.063,30.057
222.6191,30.073,30.057
222.8366,30.053,30.053
223.0572,30.043,30.048000000000002
223.2744,30.053,30.048000000000002
223.4912,30.043,30.043
223.712,30.033,30.038
223.9289,30.043,30.038
224.1456,30.033,30.033
224.3623,30.023,30.032999999999998
224.5787,30.023,30.032999999999998
224.7955,30.043,30.032999999999998
225.0164,30.033,30.032999999999998
225.2332,30.043,30.032999999999998
225.45,30.033,30.032999999999998
225.6666,30.023,30.023
225.8831,30.023,30.023
226.1034,30.003,30.003
226.3245,30.003,30.003
226.543,30.003,30.003
226.7627,29.993,30.000999999999998
226.9779,30.003,30.000999999999998
227.1982,30.003,30.000999999999998
227.4194,30.003,30.000999999999998
227.6378,30.003,30.000999999999998
227.8575,29.993,29.997999999999998
228.0727,30.003,29.997999999999998
228.2881,29.993,29.993
228.5045,29.993,29.993
228.7209,29.983,29.983
228.9407,29.963,29.977999999999998
229.1565,29.973,29.977999999999998
229.3725,29.963,29.977999999999998
229.5879,29.993,29.977999999999998
229.8043,29.993,29.977999999999998
230.0207,29.983,29.977999999999998
230.2405,29.963,29.968
230.4563,29.973,29.968
230.6723,29.963,29.963
230.8922,29.943,29.948
231.1083,29.953,29.948
231.3239,29.943,29.943
231.5392,29.943,29.943
231.7547,29.933,29.943
231.9746,29.943,29.943
232.1908,29.953,29.943
232.4064,29.943,29.943
232.6217,29.943,29.943
232.8372,29.933,29.933
233.0526,29.923,29.923
233.2716,29.903,29.908
233.487,29.913,29.908
233.706,29.893,29.906333333333333
233.9207,29.903,29.906333333333333
234.136,29.903,29.906333333333333
234.3514,29.923,29.906333333333333
234.5705,29.903,29.906333333333333
234.7859,29.913,29.906333333333333
235.0048,29.893,29.899666666666665
235.2196,29.903,29.899666666666665
235.4349,29.903,29.899666666666665
235.6498,29.893,29.893
235.8647,29.893,29.893
236.0799,29.882,29.8844
236.2945,29.882,29.8844
236.509,29.872,29.8844
236.7239,29.893,29.8844
236.9389,29.893,29.8844
237.154,29.882,29.882
237.3686,29.882,29.882
237.5831,29.872,29.872
237.7976,29.872,29.872
238.0118,29.862,29.862
238.2278,29.852,29.853666666666665
238.4427,29.852,29.853666666666665
238.6573,29.842,29.853666666666665
238.8724,29.842,29.853666666666665
239.0869,29.872,29.853666666666665
239.3011,29.862,29.853666666666665
239.5171,29.852,29.852
239.732,29.852,29.852
239.9466,29.842,29.842
240.1617,29.842,29.842
240.3767,29.832,29.832
240.5957,29.812,29.816000000000003
240.8103,29.812,29.816000000000003
241.0252,29.812,29.816000000000003
241.2398,29.812,29.816000000000003
241.4549,29.832,29.816000000000003
241.6738,29.812,29.812
241.8884,29.812,29.812
242.1033,29.812,29.812
242.3179,29.812,29.812
242.5365,29.792,29.792
242.7512,29.792,29.792
242.9654,29.792,29.792
243.1798,29.782,29.785333333333337
243.3943,29.782,29.785333333333337
243.6081,29.772,29.785333333333337
243.8266,29.792,29.785333333333337
244.0413,29.792,29.785333333333337
244.2555,29.792,29.785333333333337
244.4699,29.782,29.782
244.6844,29.782,29.782
244.8982,29.772,29.772000000000002
245.1122,29.772,29.772000000000002
245.3266,29.772,29.772000000000002
245.5403,29.762,29.762
245.7542,29.752,29.76
245.9681,29.742,29.76
246.1822,29.772,29.76
246.3965,29.772,29.76
246.6102,29.762,29.76
246.8242,29.752,29.752
247.038,29.742,29.742
247.2516,29.742,29.742
247.4651,29.732,29.732
247.6784,29.732,29.732
247.8915,29.722,29.727
248.105,29.722,29.727
248.3184,29.712,29.727
248.5319,29.742,29.727
248.7455,29.732,29.727
248.9587,29.732,29.727
249.1719,29.722,29.722
249.3853,29.722,29.722
249.5987,29.712,29.712
249.8121,29.712,29.712
250.0251,29.702,29.702
250.2381,29.702,29.702
250.4514,29.702,29.702
250.6647,29.692,29.701999999999998
250.878,29.712,29.701999999999998
251.0911,29.702,29.701999999999998
251.3041,29.702,29.701999999999998
251.5174,29.702,29.701999999999998
251.7306,29.692,29.692
251.9432,29.682,29.682
252.1561,29.682,29.682
252.3687,29.672,29.672
252.5815,29.672,29.672
252.7974,29.651,29.668333333333333
253.0098,29.651,29.668333333333333
253.2224,29.682,29.668333333333333
253.4353,29.682,29.668333333333333
253.6478,29.672,29.668333333333333
253.8606,29.672,29.668333333333333
254.0765,29.651,29.651
254.2889,29.651,29.651
254.5013,29.651,29.651
254.7139,29.641,29.641
254.9262,29.641,29.641
255.1422,29.621,29.637
255.3539,29.631,29.637
255.5663,29.651,29.637
255.7789,29.641,29.637
255.9912,29.641,29.637
256.2071,29.621,29.627666666666666
256.4188,29.631,29.627666666666666
256.6306,29.631,29.627666666666666
256.8487,29.601,29.601
257.0629,29.601,29.601
257.2804,29.581,29.599333333333334
257.4943,29.601,29.599333333333334
257.7116,29.581,29.599333333333334
257.9233,29.631,29.599333333333334
258.1415,29.601,29.599333333333334
258.3556,29.601,29.599333333333334
258.5731,29.581,29.591
258.7871,29.601,29.591
259.0043,29.581,29.581
259.218,29.581,29.581
259.4315,29.581,29.581
259.645,29.571,29.573
259.8587,29.571,29.573
260.0717,29.561,29.573
260.2855,29.581,29.573
260.499,29.581,29.573
260.7124,29.571,29.571
260.9261,29.571,29.571
261.1392,29.561,29.561
261.3523,29.561,29.561
261.5653,29.551,29.551
261.7816,29.531,29.541
261.9943,29.541,29.541
262.2069,29.531,29.541
262.4195,29.531,29.541
262.6326,29.561,29.541
262.8456,29.551,29.541
263.0619,29.531,29.536
263.2746,29.541,29.536
263.4872,29.531,29.530999999999995
263.6998,29.531,29.530999999999995
263.9124,29.531,29.530999999999995
264.1255,29.521,29.521
264.338,29.511,29.516999999999996
264.5502,29.511,29.516999999999996
264.7623,29.511,29.516999999999996
264.975,29.531,29.516999999999996
265.188,29.521,29.516999999999996
265.4005,29.511,29.511
265.6127,29.511,29.511
265.8249,29.511,29.511
266.0412,29.491,29.491
266.2535,29.491,29.491
266.4655,29.491,29.491
266.6783,29.481,29.484333333333336
266.89,29.481,29.484333333333336
267.1022,29.471,29.484333333333336
267.3185,29.491,29.484333333333336
267.5308,29.491,29.484333333333336
267.7429,29.491,29.484333333333336
267.9556,29.481,29.481
268.1674,29.481,29.481
268.3795,29.471,29.471
268.5954,29.461,29.461
268.8111,29.451,29.456
269.0235,29.461,29.456
269.2352,29.451,29.455000000000002
269.4467,29.451,29.455000000000002
269.6625,29.461,29.455000000000002
269.8783,29.451,29.455000000000002
270.0907,29.461,29.455000000000002
270.3024,29.451,29.451
270.5139,29.451,29.451
270.7253,29.441,29.441
270.9368,29.441,29.441
271.1479,29.431,29.4325
271.3592,29.431,29.4325
271.5711,29.431,29.4325
271.7821,29.42,29.4325
271.9935,29.441,29.4325
272.205,29.441,29.4325
272.416,29.431,29.431
272.6274,29.431,29.431
272.8393,29.431,29.431
273.0503,29.42,29.42
273.2635,29.4,29.4
273.4768,29.4,29.4
273.69,29.39,29.391999999999996
273.9026,29.39,29.391999999999996
274.1152,29.38,29.391999999999996
274.3284,29.4,29.391999999999996
274.5417,29.4,29.391999999999996
274.7548,29.39,29.39
274.9675,29.39,29.39
275.1801,29.38,29.38
275.3924,29.38,29.38
275.605,29.38,29.38
275.8177,29.37,29.37
276.0304,29.36,29.368333333333336
276.2431,29.36,29.368333333333336
276.4561,29.36,29.368333333333336
276.6684,29.38,29.368333333333336
276.881,29.38,29.368333333333336
277.0937,29.37,29.368333333333336
277.3064,29.36,29.36
277.5191,29.36,29.36
277.7321,29.36,29.36
277.9442,29.35,29.35
278.1568,29.35,29.35
278.3691,29.34,29.34
278.5852,29.32,29.338
278.7971,29.33,29.338
279.0092,29.35,29.338
279.2219,29.35,29.338
279.4341,29.34,29.338
279.6503,29.32,29.3275
279.8622,29.33,29.3275
280.0742,29.33,29.3275
280.2856,29.33,29.3275
280.4977,29.32,29.32
280.7093,29.31,29.316666666666663
280.9211,29.31,29.316666666666663
281.1323,29.3,29.316666666666663
281.3442,29.33,29.316666666666663
281.5556,29.33,29.316666666666663
281.7678,29.32,29.316666666666663
281.9793,29.31,29.31
282.1911,29.31,29.31
282.4023,29.3,29.3
282.6151,29.3,29.3
282.8266,29.3,29.3
283.0382,29.29,29.29
283.2498,29.28,29.288
283.4648,29.27,29.288
283.6776,29.3,29.288
283.889,29.3,29.288
284.1007,29.29,29.288
284.3123,29.28,29.28
284.5272,29.27,29.27
284.7382,29.27,29.27
284.9492,29.27,29.27
285.1604,29.27,29.27
285.3714,29.26,29.263333333333332
285.5823,29.26,29.263333333333332
285.7931,29.25,29.263333333333332
286.0041,29.27,29.263333333333332
286.2151,29.27,29.263333333333332
286.4263,29.27,29.263333333333332
286.6373,29.26,29.26
286.8482,29.26,29.26
287.059,29.25,29.25
287.2696,29.25,29.25
287.4806,29.24,29.24
287.6914,29.24,29.24
287.9057,29.22,29.236
288.1164,29.23,29.236
288.327,29.25,29.236
288.538,29.24,29.236
288.7488,29.24,29.236
288.9631,29.22,29.225
289.1738,29.23,29.225
289.3839,29.22,29.22
289.5946,29.22,29.22
289.8049,29.21,29.21
290.0185,29.2,29.208166666666667
290.2283,29.21,29.208166666666667
290.4416,29.189,29.208166666666667
290.6517,29.22,29.208166666666667
290.8623,29.22,29.208166666666667
291.0726,29.21,29.208166666666667
291.2862,29.2,29.205
291.496,29.21,29.205
291.7093,29.189,29.194499999999998
291.9198,29.2,29.194499999999998
292.1315,29.189,29.189
292.3429,29.179,29.1832
292.5543,29.179,29.1832
292.7659,29.169,29.1832
292.9763,29.2,29.1832
293.1881,29.189,29.1832
293.3994,29.179,29.179
293.6108,29.179,29.179
293.8224,29.169,29.169
294.0334,29.169,29.169
294.2445,29.169,29.169
294.4557,29.159,29.159
294.6667,29.159,29.159
294.8773,29.149,29.155666666666665
295.0921,29.129,29.155666666666665
295.3031,29.169,29.155666666666665
295.5141,29.169,29.155666666666665
295.7254,29.159,29.155666666666665
295.9364,29.159,29.155666666666665
296.147,29.149,29.149
296.3617,29.129,29.134
296.5725,29.139,29.134
296.7872,29.119,29.12566666666667
296.9982,29.129,29.12566666666667
297.2087,29.129,29.12566666666667
297.423,29.109,29.125
297.6338,29.139,29.125
297.8484,29.119,29.125
298.0595,29.129,29.125
298.27,29.129,29.125
298.4842,29.109,29.109
298.6982,29.099,29.104
298.9086,29.109,29.104
299.1225,29.099,29.104
299.3326,29.109,29.104
299.5429,29.099,29.100666666666665
299.7531,29.089,29.100666666666665
299.9671,29.099,29.100666666666665
300.1774,29.109,29.100666666666665
300.3914,29.099,29.100666666666665
300.6014,29.109,29.100666666666665
300.8117,29.099,29.099
301.0219,29.089,29.089
301.2321,29.089,29.089
301.4424,29.089,29.089
301.6561,29.069,29.081
301.866,29.079,29.081
302.0758,29.079,29.081
302.286,29.089,29.081
302.4962,29.089,29.081
302.71,29.069,29.075666666666667
302.9199,29.079,29.075666666666667
303.1297,29.079,29.075666666666667
303.339,29.069,29.069
303.5485,29.069,29.069
303.758,29.059,29.059
303.9713,29.049,29.058999999999997
304.1811,29.059,29.058999999999997
304.3907,29.049,29.058999999999997
304.6,29.069,29.058999999999997
304.8095,29.069,29.058999999999997
305.019,29.059,29.058999999999997
305.2323,29.049,29.054000000000002
305.4421,29.059,29.054000000000002
305.6517,29.049,29.049
305.8614,29.049,29.049
306.0709,29.039,29.039
306.2805,29.039,29.039
306.4895,29.029,29.037
306.6985,29.029,29.037
306.9082,29.049,29.037
307.1177,29.039,29.037
307.3273,29.039,29.037
307.5363,29.029,29.029
307.7453,29.029,29.029
307.9581,29.009,29.015666666666664
308.1667,29.019,29.015666666666664
308.3757,29.019,29.015666666666664
308.5848,29.009,29.012333333333334
308.7933,29.009,29.012333333333334
309.0019,29.009,29.012333333333334
309.2147,29.009,29.012333333333334
309.4234,29.019,29.012333333333334
309.6323,29.019,29.012333333333334
309.8414,29.009,29.009
310.05,29.009,29.009
310.2585,29.009,29.009
310.4673,28.999,28.999
310.6761,28.999,28.999
310.8848,28.989,28.991000000000003
311.0935,28.989,28.991000000000003
311.3019,28.979,28.991000000000003
311.5107,28.999,28.991000000000003
311.7194,28.999,28.991000000000003
311.9281,28.989,28.989
312.1368,28.989,28.989
312.3452,28.979,28.979
312.5538,28.979,28.979
312.7622,28.979,28.979
312.9708,28.969,28.969
313.1785,28.969,28.969
313.3868,28.959,28.967166666666667
313.5973,28.948,28.967166666666667
313.8059,28.979,28.967166666666667
314.0143,28.979,28.967166666666667
314.2228,28.969,28.967166666666667
314.4306,28.969,28.967166666666667
314.6388,28.959,28.959
314.8493,28.948,28.947999999999997
315.0572,28.948,28.947999999999997
315.2653,28.948,28.947999999999997
315.4731,28.938,28.942
315.6812,28.938,28.942
315.889,28.938,28.942
316.0969,28.948,28.942
316.3051,28.948,28.942
316.5129,28.938,28.938
316.721,28.938,28.938
316.9288,28.938,28.938
317.1368,28.928,28.928
317.3448,28.928,28.928
317.5524,28.918,28.918
317.7637,28.908,28.914666666666665
317.9743,28.898,28.914666666666665
318.1817,28.908,28.914666666666665
318.3897,28.928,28.914666666666665
318.5977,28.928,28.914666666666665
318.8053,28.918,28.914666666666665
319.0166,28.908,28.908
319.2272,28.898,28.903
319.4346,28.908,28.903
319.6446,28.888,28.888
319.8552,28.888,28.888
320.0655,28.878,28.877999999999997
320.2754,28.878,28.877999999999997
320.4892,28.858,28.877999999999997
320.6992,28.888,28.877999999999997
320.9098,28.888,28.877999999999997
321.1201,28.878,28.877999999999997
321.3301,28.878,28.877999999999997
321.5438,28.858,28.861333333333334
321.7578,28.858,28.861333333333334
321.9677,28.868,28.861333333333334
322.1811,28.848,28.854666666666663
322.3912,28.858,28.854666666666663
322.6007,28.848,28.854666666666663
322.8105,28.848,28.854666666666663
323.0245,28.858,28.854666666666663
323.2344,28.868,28.854666666666663
323.4478,28.848,28.853
323.6579,28.858,28.853
323.8674,28.848,28.848
324.0772,28.848,28.848
324.287,28.848,28.848
324.4964,28.838,28.838
324.7097,28.828,28.833
324.919,28.828,28.833
325.1287,28.828,28.833
325.3383,28.828,28.833
325.548,28.848,28.833
325.7575,28.838,28.833
325.9707,28.828,28.828
326.1801,28.828,28.828
326.3897,28.828,28.828
326.5993,28.828,28.828
326.8084,28.818,28.818
327.0181,28.808,28.808
327.2276,28.808,28.808
327.437,28.798,28.806
327.6461,28.798,28.806
327.8552,28.818,28.806
328.0649,28.808,28.806
328.2744,28.808,28.806
328.4838,28.798,28.798
328.6929,28.798,28.798
328.9021,28.798,28.798
329.1117,28.788,28.788
329.3207,28.788,28.788
329.5295,28.788,28.788
329.7383,28.778,28.78633333333333
329.9473,28.778,28.78633333333333
330.1564,28.798,28.78633333333333
330.366,28.788,28.78633333333333
330.5751,28.788,28.78633333333333
330.7839,28.788,28.78633333333333
330.9926,28.778,28.778
331.2016,28.778,28.778
331.4144,28.758,28.764666666666667
331.6233,28.768,28.764666666666667
331.8317,28.768,28.764666666666667
332.0403,28.758,28.762
332.2492,28.758,28.762
332.4619,28.758,28.762
332.6708,28.768,28.762
332.8792,28.768,28.762
333.0878,28.758,28.758
333.2967,28.758,28.758
333.5055,28.748,28.748
333.7142,28.748,28.748
333.9265,28.728,28.739666666666665
334.1353,28.748,28.739666666666665
334.3443,28.738,28.739666666666665
334.5542,28.728,28.739666666666665
334.763,28.748,28.739666666666665
334.9718,28.748,28.739666666666665
335.184,28.728,28.738
335.3928,28.748,28.738
335.6018,28.738,28.738
335.8117,28.728,28.727999999999998
336.0201,28.728,28.727999999999998
336.2284,28.728,28.727999999999998
336.4367,28.717,28.7194
336.645,28.717,28.7194
336.8535,28.707,28.7194
337.0619,28.728,28.7194
337.2703,28.728,28.7194
337.4786,28.717,28.717
337.6869,28.717,28.717
337.8953,28.707,28.707
338.1038,28.707,28.707
338.3125,28.697,28.697
338.5206,28.697,28.697
338.732,28.677,28.691999999999997
338.9399,28.697,28.691999999999997
339.1513,28.677,28.691999999999997
339.3598,28.707,28.691999999999997
339.5684,28.697,28.691999999999997
339.7766,28.697,28.691999999999997
339.988,28.677,28.686999999999998
340.1959,28.697,28.686999999999998
340.4072,28.677,28.677
340.6183,28.667,28.673666666666666
340.8257,28.677,28.673666666666666
341.0338,28.677,28.673666666666666
341.2414,28.667,28.671000000000003
341.4491,28.667,28.671000000000003
341.6601,28.667,28.671000000000003
341.8676,28.677,28.671000000000003
342.0756,28.677,28.671000000000003
342.2833,28.667,28.667
342.491,28.667,28.667
342.6989,28.667,28.667
342.9063,28.657,28.657
343.1136,28.657,28.657
343.3214,28.647,28.651999999999997
343.5289,28.647,28.651999999999997
343.7359,28.637,28.651999999999997
343.9438,28.667,28.651999999999997
344.1511,28.657,28.651999999999997
344.3585,28.657,28.651999999999997
344.5663,28.647,28.647
344.7738,28.647,28.647
344.9807,28.637,28.637
345.1879,28.637,28.637
345.3953,28.627,28.627
345.606,28.617,28.623
345.8131,28.627,28.623
346.024,28.607,28.623
346.2312,28.637,28.623
346.4385,28.627,28.623
346.6492,28.617,28.622
346.8563,28.627,28.622
347.0672,28.607,28.612000000000002
347.2743,28.617,28.612000000000002
347.4845,28.597,28.603666666666665
347.6912,28.607,28.603666666666665
347.898,28.607,28.603666666666665
348.1046,28.597,28.603666666666665
348.3115,28.597,28.603666666666665
348.5186,28.617,28.603666666666665
348.7288,28.597,28.603666666666665
348.9356,28.607,28.603666666666665
349.1423,28.607,28.603666666666665
349.349,28.597,28.597
349.5559,28.597,28.597
349.7622,28.587,28.587
349.9685,28.587,28.587
350.1788,28.567,28.579
350.3845,28.577,28.579
350.5905,28.577,28.579
350.7968,28.587,28.579
351.0032,28.587,28.579
351.2135,28.567,28.573666666666668
351.4192,28.577,28.573666666666668
351.6252,28.577,28.573666666666668
351.8349,28.557,28.557
352.0448,28.547,28.55366666666667
352.2504,28.557,28.55366666666667
352.4565,28.557,28.55366666666667
352.6625,28.547,28.552000000000003
352.8688,28.547,28.552000000000003
353.0785,28.557,28.552000000000003
353.2884,28.547,28.552000000000003
353.494,28.557,28.552000000000003
353.7001,28.557,28.552000000000003
353.9062,28.547,28.547
354.1125,28.547,28.547
354.3179,28.537,28.537
354.5249,28.537,28.537
354.7326,28.527,28.527
354.9402,28.517,28.526999999999997
355.1478,28.517,28.526999999999997
355.3533,28.537,28.526999999999997
355.5603,28.537,28.526999999999997
355.768,28.527,28.526999999999997
355.9756,28.517,28.517
356.1832,28.517,28.517
356.39,28.517,28.517
356.5968,28.507,28.507
356.8041,28.507,28.507
357.0111,28.497,28.498333333333335
357.2215,28.476,28.498333333333335
357.4281,28.486,28.498333333333335
357.6349,28.517,28.498333333333335
357.8417,28.507,28.498333333333335
358.049,28.507,28.498333333333335
358.2559,28.497,28.497
358.4663,28.476,28.481
358.673,28.486,28.481
358.8798,28.476,28.476
359.0906,28.466,28.471
359.2974,28.476,28.471
359.5039,28.466,28.46766666666667
359.7101,28.466,28.46766666666667
359.9165,28.456,28.46766666666667
360.1233,28.476,28.46766666666667
360.3342,28.466,28.46766666666667
360.541,28.476,28.46766666666667
360.7475,28.466,28.466
360.9537,28.466,28.466
361.1601,28.456,28.456
361.367,28.456,28.456
361.5733,28.446,28.446
361.7799,28.446,28.446
361.9864,28.436,28.441
362.1927,28.436,28.441
362.3986,28.426,28.441
362.6055,28.456,28.441
362.8119,28.446,28.441
363.0184,28.446,28.441
363.225,28.436,28.436
363.4312,28.436,28.436
363.6371,28.426,28.426
363.8431,28.426,28.426
364.049,28.426,28.426
364.2549,28.416,28.416
364.4619,28.406,28.41433333333333
364.6677,28.406,28.41433333333333
364.8735,28.406,28.41433333333333
365.0794,28.426,28.41433333333333
365.2854,28.426,28.41433333333333
365.4912,28.416,28.41433333333333
365.6983,28.406,28.406
365.9041,28.406,28.405999999999995
366.1099,28.406,28.405999999999995
366.3156,28.406,28.405999999999995
366.5214,28.396,28.396
366.7273,28.396,28.396
366.9332,28.386,28.394
367.1386,28.386,28.394
367.3444,28.406,28.394
367.5501,28.396,28.394
367.7561,28.396,28.394
367.9619,28.386,28.386
368.1673,28.386,28.386
368.3727,28.386,28.386
368.5778,28.376,28.376
368.7831,28.376,28.376
368.9883,28.366,28.36766666666667
369.197,28.346,28.36766666666667
369.4021,28.356,28.36766666666667
369.6075,28.386,28.36766666666667
369.8126,28.376,28.36766666666667
370.0179,28.376,28.36766666666667
370.2231,28.366,28.366
370.4318,28.346,28.352666666666668
370.637,28.356,28.352666666666668
370.8419,28.356,28.352666666666668
371.0465,28.346,28.346
371.2513,28.346,28.346
371.4598,28.326,28.342000000000002
371.6646,28.336,28.342000000000002
371.8695,28.356,28.342000000000002
372.0741,28.346,28.342000000000002
372.2789,28.346,28.342000000000002
372.4874,28.326,28.332666666666665
372.6922,28.336,28.332666666666665
372.8965,28.336,28.332666666666665
373.1046,28.306,28.317666666666668
373.309,28.326,28.317666666666668
373.5131,28.316,28.317666666666668
373.7178,28.316,28.317666666666668
373.9223,28.306,28.317666666666668
374.1266,28.336,28.317666666666668
374.3347,28.306,28.316000000000003
374.5391,28.326,28.316000000000003
374.7432,28.316,28.316
374.9479,28.316,28.316
375.1524,28.306,28.306
375.3562,28.306,28.306
375.5604,28.296,28.296
375.7649,28.296,28.296
375.9689,28.296,28.296
376.173,28.286,28.296
376.3768,28.306,28.296
376.581,28.296,28.296
376.7855,28.296,28.296
376.9895,28.296,28.296
377.1936,28.286,28.286
377.3972,28.276,28.276
377.6008,28.276,28.276
377.8046,28.276,28.276
378.0081,28.266,28.266
378.212,28.255,28.265666666666664
378.4174,28.245,28.265666666666664
378.621,28.276,28.265666666666664
378.8245,28.276,28.265666666666664
379.0283,28.276,28.265666666666664
379.2318,28.266,28.265666666666664
379.4358,28.255,28.255
379.6411,28.245,28.245
379.8465,28.245,28.245
380.0514,28.245,28.245
380.2562,28.235,28.235000000000003
380.4612,28.225,28.235000000000003
380.6662,28.225,28.235000000000003
380.8715,28.245,28.235000000000003
381.0764,28.245,28.235000000000003
381.2812,28.235,28.235
381.4862,28.225,28.225
381.6912,28.225,28.225
381.8961,28.215,28.215
382.1047,28.195,28.201666666666664
382.3093,28.205,28.201666666666664
382.5138,28.205,28.201666666666664
382.7219,28.195,28.201666666666664
382.9259,28.195,28.201666666666664
383.1308,28.215,28.201666666666664
383.3394,28.195,28.201666666666664
383.544,28.205,28.201666666666664
383.7486,28.205,28.201666666666664
383.9566,28.195,28.195000000000004
384.1606,28.195,28.195000000000004
384.3651,28.195,28.195000000000004
384.5728,28.175,28.18
384.777,28.185,28.18
384.9846,28.165,28.178999999999995
385.189,28.175,28.178999999999995
385.3935,28.195,28.178999999999995
385.6011,28.175,28.178999999999995
385.8053,28.185,28.178999999999995
386.0129,28.165,28.17
386.2173,28.175,28.17
386.4213,28.165,28.165
386.6288,28.155,28.155
386.8328,28.155,28.155
387.0368,28.155,28.155
387.2407,28.145,28.150000000000002
387.4477,28.125,28.150000000000002
387.6518,28.165,28.150000000000002
387.8593,28.155,28.150000000000002
388.0633,28.155,28.150000000000002
388.2672,28.155,28.150000000000002
388.4711,28.145,28.145
388.6782,28.125,28.130000000000003
388.882,28.135,28.130000000000003
389.0892,28.115,28.125
389.2927,28.125,28.125
389.4965,28.125,28.125
389.6997,28.125,28.125
389.9035,28.135,28.125
390.1108,28.115,28.1225
390.3142,28.125,28.1225
390.518,28.125,28.1225
390.7212,28.125,28.1225
390.9283,28.095,28.10166666666667
391.1312,28.105,28.10166666666667
391.3343,28.105,28.10166666666667
391.5373,28.095,28.098333333333333
391.7403,28.095,28.098333333333333
391.9431,28.095,28.098333333333333
392.1502,28.095,28.098333333333333
392.353,28.105,28.098333333333333
392.5561,28.105,28.098333333333333
392.7591,28.095,28.095
392.9622,28.095,28.095
393.1649,28.095,28.095
393.3679,28.085,28.085
393.5742,28.065,28.07
393.7766,28.075,28.07
393.9829,28.055,28.06833333333334
394.1854,28.065,28.06833333333334
394.3885,28.065,28.06833333333334
394.5914,28.085,28.06833333333334
394.7978,28.065,28.06833333333334
395.0002,28.075,28.06833333333334
395.2065,28.055,28.061666666666667
395.409,28.065,28.061666666666667
395.6121,28.065,28.061666666666667
395.8145,28.055,28.055
396.0207,28.035,28.0368
396.2265,28.024,28.0368
396.4286,28.035,28.0368
396.6307,28.035,28.0368
396.8331,28.055,28.0368
397.0393,28.035,28.035
397.2451,28.024,28.031333333333333
397.4472,28.035,28.031333333333333
397.6492,28.035,28.031333333333333
397.8517,28.024,28.024
398.0564,28.004,28.021
398.2539,28.035,28.021
398.4544,28.024,28.021
398.6556,28.014,28.015833333333337
398.8584,27.994,28.015833333333337
399.0609,28.024,28.015833333333337
399.2655,28.004,28.015833333333337
399.4631,28.035,28.015833333333337
399.6636,28.024,28.015833333333337
399.8647,28.014,28.014
400.0675,27.994,27.994
400.2737,27.974,27.980666666666668
400.4765,27.984,27.980666666666668
400.6794,27.984,27.980666666666668
400.8821,27.974,27.974
401.0879,27.954,27.974
401.2941,27.974,27.974
401.4968,27.984,27.974
401.6998,27.984,27.974
401.9024,27.974,27.974
402.1082,27.954,27.953999999999997
402.3143,27.954,27.953999999999997
402.5168,27.954,27.953999999999997
402.7224,27.934,27.94066666666667
402.9246,27.944,27.94066666666667
403.1268,27.944,27.94066666666667
403.3325,27.914,27.94066666666667
403.5386,27.954,27.94066666666667
403.7411,27.954,27.94066666666667
403.9467,27.934,27.94066666666667
404.1489,27.944,27.94066666666667
404.3511,27.944,27.94066666666667
404.5568,27.914,27.923999999999996
404.7587,27.934,27.923999999999996
404.9605,27.924,27.923999999999996
405.1672,27.904,27.913999999999998
405.3699,27.914,27.913999999999998
405.5735,27.894,27.913999999999998
405.7754,27.934,27.913999999999998
405.9771,27.924,27.913999999999998
406.1838,27.904,27.909
406.3865,27.914,27.909
406.5901,27.894,27.899
406.793,27.904,27.899
406.9956,27.894,27.894
407.1981,27.884,27.887333333333334
407.4009,27.884,27.887333333333334
407.6034,27.884,27.887333333333334
407.8053,27.874,27.887333333333334
408.0082,27.904,27.887333333333334
408.2108,27.894,27.887333333333334
408.4133,27.884,27.884
408.6161,27.884,27.884
408.8186,27.884,27.884
409.0205,27.874,27.874
409.2227,27.874,27.874
409.4245,27.864,27.864
409.6263,27.854,27.854
409.8281,27.854,27.854
410.0298,27.844,27.852333333333334
410.2344,27.824,27.852333333333334
410.4366,27.874,27.852333333333334
410.6385,27.864,27.852333333333334
410.8402,27.854,27.852333333333334
411.042,27.854,27.852333333333334
411.2437,27.844,27.844
411.4483,27.824,27.83066666666667
411.6502,27.834,27.83066666666667
411.8511,27.834,27.83066666666667
412.0524,27.824,27.826
412.254,27.824,27.826
412.455,27.814,27.826
412.6569,27.834,27.826
412.8577,27.834,27.826
413.0591,27.824,27.824
413.2606,27.824,27.824
413.4616,27.814,27.814
413.6631,27.814,27.814
413.8677,27.793,27.798499999999997
414.0689,27.804,27.798499999999997
414.2697,27.793,27.794999999999998
414.4705,27.783,27.794999999999998
414.6715,27.783,27.794999999999998
414.873,27.814,27.794999999999998
415.0776,27.793,27.794999999999998
415.2788,27.804,27.794999999999998
415.4796,27.793,27.793
415.6804,27.783,27.783
415.8814,27.783,27.783
416.0821,27.773,27.773
416.2828,27.773,27.773
416.4835,27.763,27.763
416.6838,27.763,27.763
416.8873,27.743,27.761333333333337
417.0876,27.753,27.761333333333337
417.2883,27.773,27.761333333333337
417.489,27.773,27.761333333333337
417.6896,27.763,27.761333333333337
417.89,27.763,27.761333333333337
418.0935,27.743,27.747999999999998
418.2938,27.753,27.747999999999998
418.4943,27.743,27.743
418.6944,27.733,27.733
418.8943,27.733,27.733
419.0945,27.733,27.733
419.2943,27.723,27.732999999999997
419.4948,27.743,27.732999999999997
419.695,27.733,27.732999999999997
419.8949,27.733,27.732999999999997
420.095,27.733,27.732999999999997
420.2949,27.723,27.723
420.4949,27.713,27.713
420.6948,27.703,27.703
420.8945,27.703,27.703
421.0944,27.693,27.693000000000005
421.2942,27.693,27.693000000000005
421.4972,27.673,27.693000000000005
421.6972,27.703,27.693000000000005
421.8968,27.703,27.693000000000005
422.0967,27.693,27.693000000000005
422.2966,27.693,27.693000000000005
422.4996,27.673,27.677999999999997
422.6989,27.683,27.677999999999997
422.8983,27.673,27.673
423.0975,27.663,27.663
423.2983,27.653,27.663
423.4991,27.643,27.663
423.6984,27.683,27.663
423.8979,27.673,27.663
424.097,27.663,27.663
424.2978,27.653,27.653
424.4986,27.643,27.643
424.6971,27.643,27.643
424.8964,27.643,27.643
425.0951,27.633,27.633
425.2973,27.613,27.62466666666667
425.4998,27.603,27.62466666666667
425.6989,27.613,27.62466666666667
425.8974,27.643,27.62466666666667
426.0966,27.643,27.62466666666667
426.2953,27.633,27.62466666666667
426.4976,27.613,27.613
426.7001,27.603,27.60966666666667
426.8991,27.613,27.60966666666667
427.0979,27.613,27.60966666666667
427.2964,27.603,27.603
427.4948,27.593,27.597
427.6932,27.593,27.597
427.8918,27.583,27.597
428.0906,27.613,27.597
428.289,27.603,27.597
428.4874,27.593,27.593
428.6858,27.593,27.593
428.8844,27.583,27.583
429.0825,27.583,27.583
429.2842,27.562,27.562
429.4833,27.562,27.562
429.6839,27.542,27.552166666666665
429.8834,27.542,27.552166666666665
430.0865,27.522,27.552166666666665
430.2846,27.583,27.552166666666665
430.4862,27.562,27.552166666666665
430.6854,27.562,27.552166666666665
430.8859,27.542,27.542
431.0855,27.542,27.542
431.2886,27.522,27.522
431.4913,27.512,27.517
431.6907,27.522,27.517
431.89,27.512,27.512
432.0891,27.512,27.512
432.2883,27.502,27.512
432.4911,27.512,27.512
432.6905,27.522,27.512
432.8898,27.512,27.512
433.0889,27.512,27.512
433.2881,27.502,27.502
433.4866,27.502,27.502
433.685,27.492,27.492
433.8838,27.482,27.482
434.0858,27.472,27.480333333333334
434.288,27.462,27.480333333333334
434.4865,27.472,27.480333333333334
434.685,27.502,27.480333333333334
434.8834,27.492,27.480333333333334
435.0823,27.482,27.480333333333334
435.2843,27.472,27.472
435.4864,27.462,27.467
435.685,27.472,27.467
435.8832,27.462,27.462
436.0816,27.462,27.462
436.2797,27.452,27.452
436.478,27.442,27.451999999999998
436.6761,27.442,27.451999999999998
436.8743,27.462,27.451999999999998
437.0727,27.462,27.451999999999998
437.2709,27.452,27.451999999999998
437.4692,27.442,27.442
437.6672,27.442,27.442
437.8652,27.432,27.432
438.0634,27.422,27.422
438.2612,27.412,27.413666666666668
438.4588,27.412,27.413666666666668
438.6566,27.402,27.413666666666668
438.8541,27.402,27.413666666666668
439.0521,27.432,27.413666666666668
439.2502,27.422,27.413666666666668
439.4481,27.412,27.412
439.6457,27.412,27.412
439.8434,27.402,27.402
440.041,27.402,27.402
440.2384,27.392,27.392
440.4356,27.392,27.392
440.6328,27.382,27.382
440.8335,27.362,27.375999999999998
441.0343,27.352,27.375999999999998
441.2318,27.392,27.375999999999998
441.429,27.392,27.375999999999998
441.6261,27.382,27.375999999999998
441.8268,27.362,27.362
442.0277,27.352,27.352
442.2251,27.352,27.352
442.422,27.352,27.352
442.6188,27.342,27.342
442.8154,27.332,27.334999999999997
443.0152,27.311,27.334999999999997
443.2114,27.321,27.334999999999997
443.4088,27.352,27.334999999999997
443.6057,27.352,27.334999999999997
443.8026,27.342,27.334999999999997
443.9991,27.332,27.332
444.1989,27.311,27.316000000000003
444.3951,27.321,27.316000000000003
444.5915,27.311,27.311
444.7909,27.291,27.296
444.9867,27.301,27.296
445.186,27.271,27.290999999999997
445.3817,27.281,27.290999999999997
445.578,27.311,27.290999999999997
445.7775,27.291,27.290999999999997
445.9733,27.301,27.290999999999997
446.1726,27.271,27.276
446.3682,27.281,27.276
446.5641,27.271,27.271
446.7596,27.261,27.261
446.9554,27.261,27.261
447.1503,27.251,27.251
447.3488,27.231,27.251
447.5434,27.231,27.251
447.7392,27.271,27.251
447.9348,27.261,27.251
448.1305,27.261,27.251
448.3255,27.251,27.251
448.524,27.231,27.231000000000005
448.7186,27.231,27.231000000000005
448.9139,27.231,27.231000000000005
449.1089,27.221,27.221
449.3038,27.211,27.213
449.4979,27.201,27.213
449.691,27.201,27.213
449.8863,27.231,27.213
450.0813,27.221,27.213
450.2762,27.211,27.211
450.4704,27.201,27.201
450.6635,27.201,27.201
450.8608,27.171,27.171
451.0605,27.151,27.156
451.257,27.161,27.156
451.4532,27.151,27.152666666666665
451.6493,27.141,27.152666666666665
451.8454,27.141,27.152666666666665
452.0428,27.171,27.152666666666665
452.2424,27.151,27.152666666666665
452.4389,27.161,27.152666666666665
452.6351,27.151,27.151
452.8313,27.141,27.141
453.0274,27.141,27.141
453.2263,27.121,27.121
453.4218,27.121,27.121
453.6175,27.111,27.111
453.8133,27.101,27.108799999999995
454.0083,27.09,27.108799999999995
454.2073,27.121,27.108799999999995
454.4028,27.121,27.108799999999995
454.5984,27.111,27.108799999999995
454.7943,27.101,27.101
454.9893,27.09,27.09
455.1845,27.08,27.08
455.3797,27.08,27.08
455.5748,27.07,27.07
455.7694,27.06,27.061666666666664
455.9637,27.05,27.061666666666664
456.1614,27.03,27.061666666666664
456.3566,27.08,27.061666666666664
456.5518,27.08,27.061666666666664
456.747,27.07,27.061666666666664
456.9415,27.06,27.06
457.1358,27.05,27.05
457.3336,27.03,27.03
457.5308,27.02,27.025
457.7249,27.03,27.025
457.9196,27.01,27.014
458.1143,27.01,27.014
458.3091,27.0,27.014
458.5064,27.02,27.014
458.7005,27.03,27.014
458.8952,27.01,27.01
459.0899,27.01,27.01
459.2847,27.0,27.0
459.4793,26.99,26.99
459.6735,26.98,26.98
459.8674,26.97,26.97
460.062,26.96,26.965
460.2568,26.95,26.965
460.4517,26.94,26.965
460.6462,26.99,26.965
460.8405,26.98,26.965
461.0344,26.97,26.965
461.229,26.96,26.96
461.4237,26.95,26.95
461.6187,26.94,26.94
461.813,26.93,26.93
462.0104,26.91,26.915
462.2042,26.92,26.915
462.4009,26.89,26.910000000000004
462.5948,26.9,26.910000000000004
462.7892,26.93,26.910000000000004
462.9866,26.91,26.910000000000004
463.1804,26.92,26.910000000000004
463.3771,26.89,26.895
463.571,26.9,26.895
463.766,26.88,26.88
463.9593,26.88,26.88
464.1527,26.87,26.87
464.3496,26.839,26.859499999999997
464.5429,26.849,26.859499999999997
464.7359,26.839,26.859499999999997
464.9308,26.88,26.859499999999997
465.1241,26.88,26.859499999999997
465.3176,26.87,26.859499999999997
465.5144,26.839,26.844
465.7077,26.849,26.844
465.9007,26.839,26.839
466.0936,26.829,26.829
466.2864,26.819,26.819
466.4792,26.809,26.813
466.6717,26.809,26.813
466.8644,26.799,26.813
467.0573,26.829,26.813
467.2502,26.819,26.813
467.4429,26.809,26.809
467.6355,26.809,26.809
467.8281,26.799,26.799
468.0205,26.789,26.789
468.2124,26.779,26.779
468.4048,26.769,26.769
468.6001,26.749,26.760666666666665
468.7919,26.749,26.760666666666665
468.9872,26.729,26.760666666666665
469.1796,26.789,26.760666666666665
469.3714,26.779,26.760666666666665
469.5639,26.769,26.760666666666665
469.7592,26.749,26.749
469.951,26.749,26.749
470.1463,26.729,26.729
470.3385,26.729,26.729
470.5297,26.719,26.719
470.7255,26.699,26.707
470.9175,26.699,26.707
471.1094,26.689,26.707
471.3016,26.729,26.707
471.4927,26.719,26.707
471.6885,26.699,26.699
471.8805,26.699,26.699
472.0724,26.689,26.689
472.2642,26.679,26.679
472.4562,26.669,26.669
472.6479,26.659,26.659
472.8426,26.639,26.652166666666663
473.0337,26.639,26.652166666666663
473.2246,26.628,26.652166666666663
473.4165,26.679,26.652166666666663
473.6085,26.669,26.652166666666663
473.8002,26.659,26.652166666666663
473.9948,26.639,26.639
474.1859,26.639,26.639
474.3769,26.628,26.628
474.568,26.618,26.618
474.7584,26.608,26.608
474.9491,26.598,26.598000000000003
475.1398,26.588,26.598000000000003
475.33,26.578,26.598000000000003
475.5211,26.618,26.598000000000003
475.7115,26.608,26.598000000000003
475.9023,26.598,26.598000000000003
476.093,26.588,26.588
476.2831,26.578,26.578
476.4767,26.558,26.558
476.6667,26.558,26.558
476.8564,26.548,26.548
477.0462,26.538,26.541333333333338
477.2358,26.528,26.541333333333338
477.4255,26.518,26.541333333333338
477.6191,26.558,26.541333333333338
477.8091,26.558,26.541333333333338
477.9988,26.548,26.541333333333338
478.1887,26.538,26.538
478.3782,26.528,26.528
478.5679,26.518,26.518
478.7573,26.508,26.508
478.9453,26.508,26.508
479.1346,26.488,26.488
479.3275,26.468,26.483
479.5169,26.468,26.483
479.7059,26.458,26.483
479.8953,26.508,26.483
480.0833,26.508,26.483
480.2725,26.488,26.483
480.4655,26.468,26.468
480.6548,26.468,26.468
480.8439,26.458,26.458
481.0364,26.438,26.438
481.2288,26.428,26.428
481.4176,26.428,26.428
481.6064,26.418,26.419800000000002
481.798,26.387,26.419800000000002
481.9905,26.438,26.419800000000002
482.1829,26.428,26.419800000000002
482.3717,26.428,26.419800000000002
482.5605,26.418,26.418
482.7521,26.387,26.392
482.9405,26.397,26.392
483.1283,26.387,26.387
483.32,26.357,26.360333333333333
483.5118,26.347,26.360333333333333
483.7008,26.347,26.360333333333333
483.8896,26.327,26.360333333333333
484.078,26.397,26.360333333333333
484.2658,26.387,26.360333333333333
484.4575,26.357,26.357
484.6493,26.347,26.347
484.8382,26.347,26.347
485.0271,26.327,26.327
485.2158,26.317,26.317
485.4089,26.287,26.292
485.5984,26.297,26.292
485.7878,26.277,26.288999999999998
485.9765,26.267,26.288999999999998
486.1652,26.317,26.288999999999998
486.3583,26.287,26.288999999999998
486.5478,26.297,26.288999999999998
486.7372,26.277,26.277
486.9259,26.267,26.267
487.1149,26.257,26.257
487.305,26.237,26.237
487.4952,26.227,26.227
487.6856,26.217,26.222000000000005
487.875,26.207,26.222000000000005
488.0647,26.187,26.222000000000005
488.2537,26.257,26.222000000000005
488.4438,26.237,26.222000000000005
488.634,26.227,26.222000000000005
488.8244,26.217,26.217
489.0138,26.207,26.207
489.2035,26.187,26.187
489.3929,26.177,26.177
489.5822,26.166,26.166
489.7713,26.156,26.156200000000002
489.9602,26.146,26.156200000000002
490.1488,26.136,26.156200000000002
490.3382,26.177,26.156200000000002
490.5275,26.166,26.156200000000002
490.7166,26.156,26.156
490.9055,26.146,26.146
491.0941,26.136,26.136
491.2832,26.126,26.126
491.4721,26.116,26.116
491.6605,26.106,26.106
491.8518,26.076,26.094333333333328
492.0398,26.086,26.094333333333328
492.2309,26.056,26.094333333333328
492.42,26.126,26.094333333333328
492.6089,26.116,26.094333333333328
492.7973,26.106,26.094333333333328
492.9886,26.076,26.081
493.1766,26.086,26.081
493.3677,26.056,26.056
493.5588,26.046,26.046
493.7463,26.046,26.046
493.9369,26.016,26.026
494.124,26.026,26.026
494.314,25.996,26.026
494.505,26.046,26.026
494.6925,26.046,26.026
494.8831,26.016,26.021
495.0703,26.026,26.021
495.2602,25.996,25.996
495.4506,25.986,25.986
495.6374,25.986,25.986
495.824,25.976,25.976
496.0097,25.966,25.966000000000005
496.1961,25.956,25.966000000000005
496.382,25.946,25.966000000000005
496.5688,25.986,25.966000000000005
496.7554,25.976,25.966000000000005
496.9412,25.966,25.966000000000005
497.1276,25.956,25.956
497.3134,25.946,25.946
497.4992,25.936,25.936
497.6879,25.915,25.915
497.8732,25.905,25.905
498.0582,25.895,25.900166666666667
498.2436,25.875,25.900166666666667
498.4287,25.875,25.900166666666667
498.6145,25.936,25.900166666666667
498.8032,25.915,25.900166666666667
498.9885,25.905,25.900166666666667
499.1735,25.895,25.895
499.3589,25.875,25.875
499.544,25.875,25.875
499.7286,25.865,25.865
499.9131,25.855,25.855
500.0973,25.845,25.845
500.2816,25.835,25.843
500.4686,25.815,25.843
500.6532,25.865,25.843
500.8377,25.855,25.843
501.0219,25.845,25.843
501.2063,25.835,25.835
501.3933,25.815,25.815
501.5771,25.815,25.815
501.7607,25.805,25.805
501.9443,25.795,25.795
502.129,25.775,25.775000000000002
502.3133,25.765,25.775000000000002
502.5007,25.735,25.775000000000002
502.6844,25.805,25.775000000000002
502.868,25.795,25.775000000000002
503.0526,25.775,25.775000000000002
503.2369,25.765,25.765
503.4243,25.735,25.735
503.6134,25.715,25.715
503.7994,25.715,25.715
503.9849,25.705,25.705
504.1702,25.694,25.7026
504.3553,25.684,25.7026
504.5444,25.715,25.7026
504.7304,25.715,25.7026
504.9159,25.705,25.7026
505.1012,25.694,25.694
505.2863,25.684,25.684
505.4745,25.664,25.664
505.6626,25.644,25.644
505.8472,25.644,25.644
506.035,25.624,25.631999999999998
506.2193,25.634,25.631999999999998
506.4032,25.614,25.631999999999998
506.5913,25.644,25.631999999999998
506.7759,25.644,25.631999999999998
506.9636,25.624,25.628999999999998
507.148,25.634,25.628999999999998
507.3319,25.614,25.614
507.5155,25.604,25.604
507.6989,25.594,25.594
507.8824,25.584,25.584
508.0687,25.564,25.582
508.2525,25.564,25.582
508.4362,25.604,25.582
508.6195,25.594,25.582
508.803,25.584,25.582
508.9893,25.564,25.564
509.1732,25.564,25.564
509.3564,25.554,25.554
509.5396,25.544,25.544
509.7255,25.524,25.524
509.9092,25.514,25.516
510.0935,25.504,25.516
510.2777,25.494,25.516
510.4609,25.544,25.516
510.6467,25.524,25.516
510.8304,25.514,25.514
511.0147,25.504,25.504
511.1989,25.494,25.494
511.3831,25.484,25.484
511.5667,25.474,25.474
511.7536,25.443,25.45
511.9401,25.433,25.45
512.1235,25.443,25.45
512.3065,25.423,25.45
512.4907,25.484,25.45
512.6743,25.474,25.45
512.8612,25.443,25.443
513.0477,25.433,25.438000000000002
513.2311,25.443,25.438000000000002
513.4141,25.423,25.423
513.5969,25.413,25.413
513.7798,25.403,25.403
513.963,25.393,25.393
514.1472,25.363,25.385
514.3314,25.353,25.385
514.5141,25.413,25.385
514.697,25.403,25.385
514.8802,25.393,25.385
515.0644,25.363,25.363
515.2486,25.353,25.353
515.4326,25.343,25.343
515.6165,25.323,25.323
515.8006,25.313,25.313
515.9839,25.303,25.303
516.1671,25.293,25.299
516.3536,25.263,25.299
516.5375,25.323,25.299
516.7215,25.313,25.299
516.9048,25.303,25.299
517.0881,25.293,25.293
517.2745,25.263,25.263
517.4604,25.253,25.253
517.6464,25.232,25.237499999999997
517.8288,25.243,25.237499999999997
518.0108,25.222,25.232400000000002
518.1928,25.212,25.232400000000002
518.3787,25.253,25.232400000000002
518.5647,25.232,25.232400000000002
518.7471,25.243,25.232400000000002
518.9291,25.222,25.222
519.1111,25.212,25.212
519.2928,25.202,25.202
519.4743,25.192,25.192
519.6585,25.172,25.172
519.8393,25.172,25.172
520.0204,25.152,25.166000000000004
520.2011,25.142,25.166000000000004
520.3827,25.192,25.166000000000004
520.5669,25.172,25.166000000000004
520.7477,25.172,25.166000000000004
520.9288,25.152,25.152
521.1095,25.142,25.142
521.29,25.132,25.132
521.4707,25.122,25.122
521.6512,25.112,25.112
521.8314,25.092,25.107999999999997
522.0115,25.082,25.107999999999997
522.192,25.132,25.107999999999997
522.3727,25.122,25.107999999999997
522.5532,25.112,25.107999999999997
522.7334,25.092,25.092
522.9135,25.082,25.082
523.0931,25.072,25.072
523.2726,25.052,25.052
523.4551,25.032,25.032
523.6369,25.012,25.0218
523.8157,25.012,25.0218
523.9945,25.001,25.0218
524.174,25.052,25.0218
524.3564,25.032,25.0218
524.5383,25.012,25.012
524.717,25.012,25.012
524.8959,25.001,25.001
525.0777,24.971,24.971
525.2594,24.961,24.961
525.4375,24.951,24.951
525.6152,24.941,24.944333333333333
525.7929,24.931,24.944333333333333
525.97,24.911,24.944333333333333
526.1518,24.971,24.944333333333333
526.3336,24.961,24.944333333333333
526.5116,24.951,24.944333333333333
526.6894,24.941,24.941
526.8671,24.931,24.931
527.0442,24.911,24.911
527.2212,24.901,24.901
527.3981,24.881,24.881
527.5782,24.861,24.867
527.7549,24.861,24.867
527.9341,24.831,24.867
528.1111,24.901,24.867
528.288,24.881,24.867
528.4681,24.861,24.861
528.6449,24.861,24.861
528.8241,24.831,24.831
529.0034,24.821,24.821
529.1842,24.791,24.791
529.3646,24.781,24.781
529.5414,24.781,24.781
529.7186,24.76,24.7726
529.8954,24.75,24.7726
530.0761,24.791,24.7726
530.2565,24.781,24.7726
530.4334,24.781,24.7726
530.6105,24.76,24.76
530.7874,24.75,24.75
530.9638,24.73,24.73
531.1422,24.71,24.71
531.3204,24.69,24.69
531.4989,24.67,24.689999999999998
531.6772,24.65,24.689999999999998
531.8537,24.73,24.689999999999998
532.032,24.71,24.689999999999998
532.2102,24.69,24.689999999999998
532.3887,24.67,24.67
532.5671,24.65,24.65
532.7448,24.63,24.63
532.9222,24.61,24.61
533.1015,24.59,24.59
533.2803,24.57,24.571800000000003
533.4593,24.55,24.571800000000003
533.638,24.539,24.571800000000003
533.8154,24.61,24.571800000000003
533.9946,24.59,24.571800000000003
534.1735,24.57,24.57
534.3524,24.55,24.55
534.5311,24.539,24.539
534.7096,24.519,24.519
534.888,24.499,24.499
535.0688,24.469,24.478999999999996
535.2463,24.469,24.478999999999996
535.4268,24.439,24.478999999999996
535.6054,24.519,24.478999999999996
535.7837,24.499,24.478999999999996
535.9645,24.469,24.469
536.142,24.469,24.469
536.3226,24.439,24.439
536.4996,24.439,24.439
536.6763,24.419,24.419
536.8527,24.409,24.409
537.0294,24.389,24.389
537.2056,24.359,24.384999999999998
537.3814,24.349,24.384999999999998
537.558,24.419,24.384999999999998
537.7344,24.409,24.384999999999998
537.9111,24.389,24.384999999999998
538.0873,24.359,24.359
538.2631,24.349,24.349
538.4385,24.329,24.329
538.613,24.309,24.309
538.7879,24.288,24.288
538.9653,24.248,24.2824
539.1413,24.238,24.2824
539.3167,24.329,24.2824
539.4913,24.309,24.2824
539.6661,24.288,24.2824
539.8435,24.248,24.248
540.0196,24.238,24.238
540.1952,24.218,24.218
540.3707,24.188,24.188
540.546,24.168,24.168
540.7209,24.148,24.148000000000003
540.8957,24.128,24.148000000000003
541.0697,24.108,24.148000000000003
541.2451,24.188,24.148000000000003
541.4204,24.168,24.148000000000003
541.5954,24.148,24.148
541.7702,24.128,24.128
541.9442,24.108,24.108
542.1182,24.088,24.088
542.2951,24.047,24.047
542.4684,24.047,24.047
542.6414,24.027,24.027
542.8169,23.997,23.997
